{
 "type": "FeatureCollection",
 "features": [
  {
   "type": "Feature",
   "id": "patna",
   "properties": {
    "state": "Bihar",
    "district": "Patna",
    "headquarters": "Patna",
    "fullName": "Bihar / Patna District",
    "population": 5838465,
    "blockCount": 9,
    "area_sqkm": 1989.2,
    "bbox": [
     84.7851,
     25.2512,
     85.7942,
     25.7265
    ]
   },
   "geometry": {
    "type": "MultiPolygon",
    "coordinates": [
     [
      [
       [
        85.03795816860959,
        25.2511757017123
       ],
       [
        84.994607221899,
        25.257422517100302
       ],
       [
        84.9187912064612,
        25.34205582227642
       ],
       [
        84.96232048231558,
        25.433332835441597
       ],
       [
        85.00248179686584,
        25.427255025518512
       ],
       [
        85.03578881146777,
        25.433521547923565
       ],
       [
        85.11285717541581,
        25.39430999784835
       ],
       [
        85.11573316182711,
        25.352275598557085
       ],
       [
        85.08927317642507,
        25.311102441470045
       ],
       [
        85.07664096050216,
        25.267180027365686
       ],
       [
        85.03795816860959,
        25.2511757017123
       ]
      ]
     ],
     [
      [
       [
        85.5036597535505,
        25.375327603600486
       ],
       [
        85.44208415743469,
        25.410739288961334
       ],
       [
        85.44070614794121,
        25.482358929776062
       ],
       [
        85.46908579153951,
        25.52039628986082
       ],
       [
        85.50299041527708,
        25.530662083488917
       ],
       [
        85.53768836736306,
        25.527882807643387
       ],
       [
        85.58942529652255,
        25.49043838057021
       ],
       [
        85.59579252040308,
        25.45167614079084
       ],
       [
        85.58811063811137,
        25.413981749103122
       ],
       [
        85.5699531389624,
        25.380766078055917
       ],
       [
        85.5036597535505,
        25.375327603600486
       ]
      ]
     ],
     [
      [
       [
        85.69415508631303,
        25.402885908295683
       ],
       [
        85.62982996063096,
        25.444173076305972
       ],
       [
        85.62656979679011,
        25.48411868265121
       ],
       [
        85.65506825321198,
        25.55769731733594
       ],
       [
        85.68336607156981,
        25.56649523788011
       ],
       [
        85.72990797198992,
        25.564979918548918
       ],
       [
        85.7741076184664,
        25.551125131343493
       ],
       [
        85.79421866653807,
        25.486513379174678
       ],
       [
        85.7870287397147,
        25.437457890816187
       ],
       [
        85.77492632499647,
        25.41019652715119
       ],
       [
        85.69415508631303,
        25.402885908295683
       ]
      ]
     ],
     [
      [
       [
        85.25543443964989,
        25.43885676753969
       ],
       [
        85.24621655021615,
        25.480018647112594
       ],
       [
        85.22774863219428,
        25.504810632534777
       ],
       [
        85.25970227761844,
        25.582685272964582
       ],
       [
        85.29454720529581,
        25.59358229221576
       ],
       [
        85.36112088345683,
        25.566627818138485
       ],
       [
        85.40182860546315,
        25.515236130329267
       ],
       [
        85.3879958232131,
        25.466450842810055
       ],
       [
        85.32988803328975,
        25.42625496473961
       ],
       [
        85.25543443964989,
        25.43885676753969
       ]
      ]
     ],
     [
      [
       [
        84.82451807794794,
        25.496469961726433
       ],
       [
        84.78507962129311,
        25.51665074925679
       ],
       [
        84.78596220814262,
        25.59664229196742
       ],
       [
        84.8053466460914,
        25.622929961623214
       ],
       [
        84.80899986056406,
        25.689209741002845
       ],
       [
        84.83123679598567,
        25.717684473776725
       ],
       [
        84.86126685525493,
        25.726457613537566
       ],
       [
        84.89771233758948,
        25.718982023498597
       ],
       [
        84.93386055347975,
        25.723378880640485
       ],
       [
        84.95634474692777,
        25.692047418773228
       ],
       [
        84.96172767995895,
        25.66951086523427
       ],
       [
        84.98713112836543,
        25.697087098190277
       ],
       [
        85.01935592216087,
        25.709525895793433
       ],
       [
        85.05826312074316,
        25.69953712128751
       ],
       [
        85.09247246452944,
        25.703285434865606
       ],
       [
        85.12242333911762,
        25.669751804106046
       ],
       [
        85.13606992250091,
        25.68185359326634
       ],
       [
        85.18975324598308,
        25.66479499927965
       ],
       [
        85.22809370650641,
        25.615551257522753
       ],
       [
        85.19556850593028,
        25.55231295596539
       ],
       [
        85.16921950333015,
        25.535766424881643
       ],
       [
        85.13652625809905,
        25.534025277779925
       ],
       [
        85.1300075058827,
        25.540113485339152
       ],
       [
        85.0976751043687,
        25.504297805616623
       ],
       [
        85.06559664870682,
        25.507749030481676
       ],
       [
        85.0114857971532,
        25.53424308681011
       ],
       [
        85.01434705845521,
        25.549608254222882
       ],
       [
        84.99459834751828,
        25.57764567366318
       ],
       [
        84.96854789960706,
        25.58835453400092
       ],
       [
        84.96453992178859,
        25.64075084592088
       ],
       [
        84.95877487795448,
        25.607413066372835
       ],
       [
        84.94784194992442,
        25.603024610470307
       ],
       [
        84.95206344661467,
        25.525618377610453
       ],
       [
        84.89056798308005,
        25.472364553214078
       ],
       [
        84.84024967423225,
        25.461667944915405
       ],
       [
        84.82451807794794,
        25.496469961726433
       ]
      ]
     ]
    ]
   }
  },
  {
   "type": "Feature",
   "id": "gaya",
   "properties": {
    "state": "Bihar",
    "district": "Gaya",
    "headquarters": "Gaya",
    "fullName": "Bihar / Gaya District",
    "population": 4391418,
    "blockCount": 6,
    "area_sqkm": 1513.1,
    "bbox": [
     84.6924,
     24.4741,
     85.3306,
     25.0203
    ]
   },
   "geometry": {
    "type": "MultiPolygon",
    "coordinates": [
     [
      [
       [
        84.80583557156956,
        24.474061102870667
       ],
       [
        84.72835368953835,
        24.48212095796486
       ],
       [
        84.69566355672526,
        24.520512538898274
       ],
       [
        84.69923262555366,
        24.570880869296747
       ],
       [
        84.6924488817553,
        24.61472471284349
       ],
       [
        84.71951113656783,
        24.648585502777046
       ],
       [
        84.76932826345892,
        24.674595467681083
       ],
       [
        84.81267095841403,
        24.652738608948116
       ],
       [
        84.85712537046102,
        24.64363169644364
       ],
       [
        84.89372404044407,
        24.616804885772122
       ],
       [
        84.88105497570825,
        24.57409576098561
       ],
       [
        84.89573972392674,
        24.526142493073973
       ],
       [
        84.80583557156956,
        24.474061102870667
       ]
      ]
     ],
     [
      [
       [
        84.92875040321809,
        24.626183300796985
       ],
       [
        84.89224971098167,
        24.662611595530578
       ],
       [
        84.88469904952714,
        24.69486038118743
       ],
       [
        84.92193166657418,
        24.774263443292078
       ],
       [
        84.93378125674279,
        24.78205613718259
       ],
       [
        84.92357010799151,
        24.84220919316264
       ],
       [
        84.98151990574314,
        24.87122842657721
       ],
       [
        85.01521407675553,
        24.871490803114764
       ],
       [
        85.03957473662773,
        24.857271449739756
       ],
       [
        85.08287285317628,
        24.85352683738687
       ],
       [
        85.11678522360067,
        24.794452496088162
       ],
       [
        85.09278969729132,
        24.731710587704136
       ],
       [
        85.06578758373726,
        24.719956568537814
       ],
       [
        85.07151951071509,
        24.697748715226385
       ],
       [
        85.0611461832653,
        24.65847662381412
       ],
       [
        85.00430185297805,
        24.611820851746124
       ],
       [
        84.92875040321809,
        24.626183300796985
       ]
      ]
     ],
     [
      [
       [
        85.21450998989482,
        24.684453901221328
       ],
       [
        85.14871583629062,
        24.74268221586872
       ],
       [
        85.1433888121337,
        24.785631857330895
       ],
       [
        85.17252596000431,
        24.861392121175502
       ],
       [
        85.21030052515634,
        24.8717896859598
       ],
       [
        85.28145569291924,
        24.851847103060386
       ],
       [
        85.32363345276937,
        24.820172609261167
       ],
       [
        85.33057975505467,
        24.78657818890399
       ],
       [
        85.3242947703197,
        24.741044797739
       ],
       [
        85.25474257181877,
        24.679602430314805
       ],
       [
        85.21450998989482,
        24.684453901221328
       ]
      ]
     ],
     [
      [
       [
        84.77320635070888,
        24.852274707806448
       ],
       [
        84.74799881754075,
        24.882596022965377
       ],
       [
        84.7379021243686,
        24.93335921910065
       ],
       [
        84.75216016157457,
        24.974504483998636
       ],
       [
        84.81672340173921,
        25.02025434132691
       ],
       [
        84.88534395650554,
        25.00216677709415
       ],
       [
        84.9119630598043,
        24.93047781848243
       ],
       [
        84.91343601994201,
        24.884859564512915
       ],
       [
        84.84504592235523,
        24.83227975385232
       ],
       [
        84.77320635070888,
        24.852274707806448
       ]
      ]
     ]
    ]
   }
  },
  {
   "type": "Feature",
   "id": "muzaffarpur",
   "properties": {
    "state": "Bihar",
    "district": "Muzaffarpur",
    "headquarters": "Muzaffarpur",
    "fullName": "Bihar / Muzaffarpur District",
    "population": 4801062,
    "blockCount": 6,
    "area_sqkm": 1329.3,
    "bbox": [
     85.0764,
     25.8906,
     85.6191,
     26.3891
    ]
   },
   "geometry": {
    "type": "Polygon",
    "coordinates": [
     [
      [
       85.60595948342147,
       26.022749886039946
      ],
      [
       85.61909612683245,
       25.980883713991943
      ],
      [
       85.6043821996099,
       25.937400196893837
      ],
      [
       85.54309736523716,
       25.890586937494184
      ],
      [
       85.50701972386642,
       25.894179470346273
      ],
      [
       85.42316088246477,
       25.928254817112016
      ],
      [
       85.38332885389387,
       25.93226444778276
      ],
      [
       85.35267638938538,
       26.00976453321769
      ],
      [
       85.36852264597452,
       26.05323513236464
      ],
      [
       85.36278709180363,
       26.06203121339055
      ],
      [
       85.26830828178039,
       26.06372852181615
      ],
      [
       85.23464031831148,
       26.096822498780412
      ],
      [
       85.24659337925705,
       26.137070140332543
      ],
      [
       85.2243394556466,
       26.158111310176213
      ],
      [
       85.20920583686743,
       26.190084220051272
      ],
      [
       85.19766909094523,
       26.181953917717074
      ],
      [
       85.11593407671896,
       26.204670947389044
      ],
      [
       85.0763744315451,
       26.274376620791042
      ],
      [
       85.14921590794826,
       26.389137601046563
      ],
      [
       85.23401697755072,
       26.35503241946971
      ],
      [
       85.27160503440358,
       26.322622277141953
      ],
      [
       85.28088612061657,
       26.29890386996255
      ],
      [
       85.32006873777813,
       26.291735386928327
      ],
      [
       85.37532780207033,
       26.2393843372232
      ],
      [
       85.38885010032345,
       26.203694684856522
      ],
      [
       85.37810290281482,
       26.175637254910413
      ],
      [
       85.39947516981152,
       26.189823187006194
      ],
      [
       85.43219262827694,
       26.197472465535768
      ],
      [
       85.47841720941051,
       26.189697249631454
      ],
      [
       85.48658027857628,
       26.14821600696847
      ],
      [
       85.50618057904386,
       26.118631208555303
      ],
      [
       85.48973316323753,
       26.081583897509674
      ],
      [
       85.50181182718042,
       26.060281955958114
      ],
      [
       85.54920397132112,
       26.072751898502347
      ],
      [
       85.60595948342147,
       26.022749886039946
      ]
     ]
    ]
   }
  },
  {
   "type": "Feature",
   "id": "vaishali",
   "properties": {
    "state": "Bihar",
    "district": "Vaishali",
    "headquarters": "Hajipur",
    "fullName": "Bihar / Vaishali District",
    "population": 3495058,
    "blockCount": 5,
    "area_sqkm": 1114.0,
    "bbox": [
     85.0922,
     25.5621,
     85.4845,
     25.9503
    ]
   },
   "geometry": {
    "type": "MultiPolygon",
    "coordinates": [
     [
      [
       [
        85.38042318078472,
        25.709320568041093
       ],
       [
        85.40101789614972,
        25.68353628621942
       ],
       [
        85.38739649060096,
        25.585686970388892
       ],
       [
        85.3560165807026,
        25.562148678417344
       ],
       [
        85.2796387970535,
        25.594096071089258
       ],
       [
        85.26331320317662,
        25.61934296062357
       ],
       [
        85.2055410498897,
        25.5951354873766
       ],
       [
        85.13733241143265,
        25.675557254479706
       ],
       [
        85.14285250902347,
        25.712239727232898
       ],
       [
        85.16747595411329,
        25.743885084489694
       ],
       [
        85.23326063752742,
        25.758341839694175
       ],
       [
        85.27419504268859,
        25.738894624767724
       ],
       [
        85.29393365586854,
        25.71697587308801
       ],
       [
        85.31390257594258,
        25.725653390793045
       ],
       [
        85.38042318078472,
        25.709320568041093
       ]
      ]
     ],
     [
      [
       [
        85.4047566653128,
        25.92069527274147
       ],
       [
        85.44357998886582,
        25.892481728673474
       ],
       [
        85.48451370347924,
        25.789538505819138
       ],
       [
        85.44977065927297,
        25.75418836409822
       ],
       [
        85.40962047033933,
        25.734547944801218
       ],
       [
        85.32620783242159,
        25.76666623980096
       ],
       [
        85.2717160492023,
        25.755351233914023
       ],
       [
        85.22896523213447,
        25.774628726120337
       ],
       [
        85.22270479795627,
        25.78634590449675
       ],
       [
        85.20168798286879,
        25.780012788592707
       ],
       [
        85.11891823621767,
        25.781993070502754
       ],
       [
        85.1099731753387,
        25.82809642679953
       ],
       [
        85.09216438760276,
        25.856632253958765
       ],
       [
        85.09578537060445,
        25.906427790982065
       ],
       [
        85.12631845996177,
        25.938809579957308
       ],
       [
        85.15375596749945,
        25.950273742301913
       ],
       [
        85.19933457478105,
        25.93446907167695
       ],
       [
        85.24073762390664,
        25.930019860626214
       ],
       [
        85.2689256031711,
        25.906175940707936
       ],
       [
        85.30119850992051,
        25.907903897440843
       ],
       [
        85.33851204044147,
        25.898182302114957
       ],
       [
        85.36696593590007,
        25.923019393295426
       ],
       [
        85.4047566653128,
        25.92069527274147
       ]
      ]
     ]
    ]
   }
  },
  {
   "type": "Feature",
   "id": "bhojpur",
   "properties": {
    "state": "Bihar",
    "district": "Bhojpur",
    "headquarters": "Arrah",
    "fullName": "Bihar / Bhojpur District",
    "population": 2728407,
    "blockCount": 5,
    "area_sqkm": 1442.0,
    "bbox": [
     84.3237,
     25.2858,
     84.879,
     25.6781
    ]
   },
   "geometry": {
    "type": "MultiPolygon",
    "coordinates": [
     [
      [
       [
        84.6460611781895,
        25.30830414083924
       ],
       [
        84.60964075247759,
        25.330900249078475
       ],
       [
        84.6122825688692,
        25.38241966726609
       ],
       [
        84.6384664307442,
        25.456905038331534
       ],
       [
        84.71356107384304,
        25.473178376591566
       ],
       [
        84.78807542162505,
        25.426002354173107
       ],
       [
        84.79005628712962,
        25.33178022715405
       ],
       [
        84.72917137813111,
        25.285818022350323
       ],
       [
        84.6460611781895,
        25.30830414083924
       ]
      ]
     ],
     [
      [
       [
        84.39836828371442,
        25.393609574154066
       ],
       [
        84.35283294925941,
        25.39236249108832
       ],
       [
        84.32369047434153,
        25.482076254623195
       ],
       [
        84.33131743948066,
        25.51715943548894
       ],
       [
        84.36120938534216,
        25.562795371842753
       ],
       [
        84.3724179302662,
        25.568771402415805
       ],
       [
        84.3991962529757,
        25.6457536545175
       ],
       [
        84.43082890746501,
        25.678056351082137
       ],
       [
        84.47738946571897,
        25.670496809789306
       ],
       [
        84.51530680430103,
        25.65152900323134
       ],
       [
        84.551686632253,
        25.615839831085673
       ],
       [
        84.541214034452,
        25.573658552610855
       ],
       [
        84.54531792456173,
        25.541080695304778
       ],
       [
        84.5136637631204,
        25.503825649029974
       ],
       [
        84.50789785744172,
        25.430081608752566
       ],
       [
        84.4453831794161,
        25.379350042838535
       ],
       [
        84.39836828371442,
        25.393609574154066
       ]
      ]
     ],
     [
      [
       [
        84.6839573505098,
        25.476787583843233
       ],
       [
        84.63684190436021,
        25.461470945772486
       ],
       [
        84.6001057456531,
        25.479067775938812
       ],
       [
        84.57191263876169,
        25.523467789605142
       ],
       [
        84.57455746205896,
        25.6085895868827
       ],
       [
        84.60500116750053,
        25.61878443713258
       ],
       [
        84.63332119948674,
        25.652011999623355
       ],
       [
        84.6813727966339,
        25.657916253139707
       ],
       [
        84.72720370032336,
        25.626418252818507
       ],
       [
        84.74896298468232,
        25.653978650912862
       ],
       [
        84.78208719582472,
        25.65859632642097
       ],
       [
        84.85090087451174,
        25.650875073944594
       ],
       [
        84.87895199640008,
        25.61613983894355
       ],
       [
        84.86616580754097,
        25.543347714865977
       ],
       [
        84.85046119097312,
        25.51435887138743
       ],
       [
        84.77699128544582,
        25.494233123923333
       ],
       [
        84.74315303857546,
        25.51045635609385
       ],
       [
        84.7386639465276,
        25.52970494255182
       ],
       [
        84.73825894492123,
        25.520570502059368
       ],
       [
        84.6839573505098,
        25.476787583843233
       ]
      ]
     ]
    ]
   }
  },
  {
   "type": "Feature",
   "id": "nalanda",
   "properties": {
    "state": "Bihar",
    "district": "Nalanda",
    "headquarters": "Bihar Sharif",
    "fullName": "Bihar / Nalanda District",
    "population": 2874523,
    "blockCount": 5,
    "area_sqkm": 1371.2,
    "bbox": [
     85.1113,
     24.9345,
     85.6206,
     25.4585
    ]
   },
   "geometry": {
    "type": "MultiPolygon",
    "coordinates": [
     [
      [
       [
        85.4431330684692,
        24.934537971095793
       ],
       [
        85.40210430510894,
        24.952781357438194
       ],
       [
        85.35935095360907,
        24.955209951584855
       ],
       [
        85.33966186114465,
        24.989526387534703
       ],
       [
        85.337339571199,
        25.06287084767724
       ],
       [
        85.3537040874954,
        25.108683000676056
       ],
       [
        85.43858487309309,
        25.114062539012274
       ],
       [
        85.47473170570827,
        25.106430345413706
       ],
       [
        85.50150691261074,
        25.075674481613518
       ],
       [
        85.49874027480095,
        24.99207957056449
       ],
       [
        85.47725708976103,
        24.960537333079547
       ],
       [
        85.4431330684692,
        24.934537971095793
       ]
      ]
     ],
     [
      [
       [
        85.22949713148225,
        25.04623109182518
       ],
       [
        85.15993420902194,
        25.067622518143335
       ],
       [
        85.12107527304687,
        25.08820317019303
       ],
       [
        85.11128518998643,
        25.140124385370676
       ],
       [
        85.11560154277805,
        25.177112454759264
       ],
       [
        85.18800639492663,
        25.21468855014443
       ],
       [
        85.23078762056345,
        25.21668539016199
       ],
       [
        85.301542894589,
        25.175490727831434
       ],
       [
        85.3006820911463,
        25.13610934417694
       ],
       [
        85.2881253886147,
        25.105679495536098
       ],
       [
        85.22949713148225,
        25.04623109182518
       ]
      ]
     ],
     [
      [
       [
        85.60612566727255,
        25.23332987890774
       ],
       [
        85.60498882202319,
        25.163673226347175
       ],
       [
        85.53784708772575,
        25.12071339528844
       ],
       [
        85.4630978424194,
        25.11603355549029
       ],
       [
        85.43395661809905,
        25.239957314415797
       ],
       [
        85.45852808609533,
        25.274578109367855
       ],
       [
        85.5061484069039,
        25.289401828510325
       ],
       [
        85.45312842773876,
        25.330043078320227
       ],
       [
        85.4561977875869,
        25.407799832292255
       ],
       [
        85.47783680033665,
        25.44019811675887
       ],
       [
        85.51588546805347,
        25.442369084031206
       ],
       [
        85.54998792768751,
        25.458547139685017
       ],
       [
        85.5815967912076,
        25.436903102755693
       ],
       [
        85.62063924405439,
        25.36434034041156
       ],
       [
        85.60742271528053,
        25.33775942190796
       ],
       [
        85.57667559317339,
        25.307542081782508
       ],
       [
        85.54232751305753,
        25.296503208245948
       ],
       [
        85.57680183301714,
        25.275327098012095
       ],
       [
        85.60612566727255,
        25.23332987890774
       ]
      ]
     ],
     [
      [
       [
        85.23045500086499,
        25.25873603364197
       ],
       [
        85.19404104105048,
        25.32481013129693
       ],
       [
        85.20763170842584,
        25.351562365867096
       ],
       [
        85.23107160221724,
        25.373117769530108
       ],
       [
        85.26907058663309,
        25.394798389716705
       ],
       [
        85.29945931524793,
        25.399094107103274
       ],
       [
        85.33015321333555,
        25.376678822219976
       ],
       [
        85.36064783802905,
        25.31610294549192
       ],
       [
        85.32952679499653,
        25.25294819929486
       ],
       [
        85.26080739537578,
        25.234710628439096
       ],
       [
        85.23045500086499,
        25.25873603364197
       ]
      ]
     ]
    ]
   }
  },
  {
   "type": "Feature",
   "id": "samastipur",
   "properties": {
    "state": "Bihar",
    "district": "Samastipur",
    "headquarters": "Samastipur",
    "fullName": "Bihar / Samastipur District",
    "population": 4261566,
    "blockCount": 4,
    "area_sqkm": 1098.2,
    "bbox": [
     85.5907,
     25.5914,
     86.0976,
     26.0626
    ]
   },
   "geometry": {
    "type": "MultiPolygon",
    "coordinates": [
     [
      [
       [
        85.77598216861315,
        25.606107634348557
       ],
       [
        85.75850866161429,
        25.631650424732545
       ],
       [
        85.74834760853994,
        25.670108874278327
       ],
       [
        85.7884248075825,
        25.73039696737259
       ],
       [
        85.84402098929873,
        25.753158536605902
       ],
       [
        85.9102264063874,
        25.70386565069001
       ],
       [
        85.8772803523497,
        25.601993680383636
       ],
       [
        85.84326051243362,
        25.59142920445287
       ],
       [
        85.77598216861315,
        25.606107634348557
       ]
      ]
     ],
     [
      [
       [
        85.98856608685614,
        25.65849093898089
       ],
       [
        85.94664329824967,
        25.67863044548103
       ],
       [
        85.90769822687955,
        25.746059299085186
       ],
       [
        85.92108395035592,
        25.78984624789901
       ],
       [
        85.94338374134404,
        25.823389407275897
       ],
       [
        86.02871403330138,
        25.827007220646426
       ],
       [
        86.09756770972322,
        25.797060222713085
       ],
       [
        86.09411558638642,
        25.701856843066352
       ],
       [
        86.02916242565436,
        25.651901192371582
       ],
       [
        85.98856608685614,
        25.65849093898089
       ]
      ]
     ],
     [
      [
       [
        85.79291219654151,
        25.948479182578613
       ],
       [
        85.86425879667986,
        25.908404417694555
       ],
       [
        85.86647162109686,
        25.81879101261641
       ],
       [
        85.80158154370619,
        25.768621161701002
       ],
       [
        85.7630827587504,
        25.76254348174886
       ],
       [
        85.73002516259938,
        25.800182473476
       ],
       [
        85.69748321613886,
        25.81303962307381
       ],
       [
        85.69052013055368,
        25.862668096091856
       ],
       [
        85.72429757070265,
        25.91172910914367
       ],
       [
        85.68664266637954,
        25.8935314723844
       ],
       [
        85.64494047862088,
        25.89242731103612
       ],
       [
        85.61915203491336,
        25.90603174575598
       ],
       [
        85.59529748027337,
        25.943334707863915
       ],
       [
        85.59068762759237,
        25.985148054037467
       ],
       [
        85.61447650482503,
        26.051558909518185
       ],
       [
        85.65209428264468,
        26.06263084269995
       ],
       [
        85.720369579323,
        26.047114818970368
       ],
       [
        85.7608063985447,
        25.978283003790505
       ],
       [
        85.73631875305293,
        25.946132730120024
       ],
       [
        85.72499007289142,
        25.912476996563285
       ],
       [
        85.75458580103628,
        25.94443974428156
       ],
       [
        85.79291219654151,
        25.948479182578613
       ]
      ]
     ]
    ]
   }
  },
  {
   "type": "Feature",
   "id": "begusarai",
   "properties": {
    "state": "Bihar",
    "district": "Begusarai",
    "headquarters": "Begusarai",
    "fullName": "Bihar / Begusarai District",
    "population": 2970541,
    "blockCount": 4,
    "area_sqkm": 972.6,
    "bbox": [
     85.8265,
     25.3345,
     86.2965,
     25.6561
    ]
   },
   "geometry": {
    "type": "Polygon",
    "coordinates": [
     [
      [
       86.10510374895954,
       25.501979838042512
      ],
      [
       86.16134228223521,
       25.496331024602284
      ],
      [
       86.12594332940984,
       25.523159893121996
      ],
      [
       86.13450651120196,
       25.606898902034903
      ],
      [
       86.16017395622302,
       25.6409414894302
      ],
      [
       86.2482157003458,
       25.65605990296968
      ],
      [
       86.29342472646452,
       25.598189659433274
      ],
      [
       86.29647457685115,
       25.51994629961744
      ],
      [
       86.26632165768858,
       25.498604811537724
      ],
      [
       86.23622431107164,
       25.45882243883293
      ],
      [
       86.1997013514178,
       25.467258683713702
      ],
      [
       86.21281983970327,
       25.414447921480974
      ],
      [
       86.20947908539635,
       25.377679465626294
      ],
      [
       86.14476770485467,
       25.335289078461578
      ],
      [
       86.11486566122917,
       25.33446445961682
      ],
      [
       86.05719839841115,
       25.379022411390462
      ],
      [
       86.04241498386428,
       25.40852799742498
      ],
      [
       86.02631080383537,
       25.390026485018893
      ],
      [
       85.9866417590527,
       25.37621522754018
      ],
      [
       85.90368546106725,
       25.407834637192042
      ],
      [
       85.8947030042631,
       25.40103204870623
      ],
      [
       85.83997952455782,
       25.456893653609054
      ],
      [
       85.82648119343146,
       25.489431870675773
      ],
      [
       85.84671769038077,
       25.52164559714324
      ],
      [
       85.85886324987169,
       25.560445848008055
      ],
      [
       85.88983832450909,
       25.56848086109947
      ],
      [
       85.93457362478772,
       25.55604560708537
      ],
      [
       85.99708630668096,
       25.56227205829369
      ],
      [
       86.02233551675083,
       25.52757959905194
      ],
      [
       86.05343954675837,
       25.50870582398824
      ],
      [
       86.05396065669362,
       25.47707985401668
      ],
      [
       86.07038773487353,
       25.4939504026737
      ],
      [
       86.10510374895954,
       25.501979838042512
      ]
     ]
    ]
   }
  },
  {
   "type": "Feature",
   "id": "bhagalpur",
   "properties": {
    "state": "Bihar",
    "district": "Bhagalpur",
    "headquarters": "Bhagalpur",
    "fullName": "Bihar / Bhagalpur District",
    "population": 3037766,
    "blockCount": 4,
    "area_sqkm": 1067.5,
    "bbox": [
     86.6388,
     25.1004,
     87.331,
     25.3562
    ]
   },
   "geometry": {
    "type": "MultiPolygon",
    "coordinates": [
     [
      [
       [
        87.05742999153775,
        25.17629923147787
       ],
       [
        87.05381521402137,
        25.137401706720244
       ],
       [
        86.99289025792113,
        25.10408081491974
       ],
       [
        86.96523798919428,
        25.100437191285515
       ],
       [
        86.92624839262858,
        25.11171127488999
       ],
       [
        86.91423643842889,
        25.155711578544125
       ],
       [
        86.88333230302128,
        25.167008666586423
       ],
       [
        86.8632612888095,
        25.195900279053674
       ],
       [
        86.85796351758215,
        25.236108286086424
       ],
       [
        86.8753283273121,
        25.25742215529561
       ],
       [
        86.88653021398025,
        25.30479505414708
       ],
       [
        86.95295378778981,
        25.306508292674614
       ],
       [
        87.01962931409606,
        25.27545118191845
       ],
       [
        87.01736308046873,
        25.25686594419424
       ],
       [
        87.03263770732785,
        25.252831694208325
       ],
       [
        87.05742999153775,
        25.17629923147787
       ]
      ]
     ],
     [
      [
       [
        86.80325747060161,
        25.17196376845824
       ],
       [
        86.72208817565829,
        25.15819359132318
       ],
       [
        86.68411042070855,
        25.179574969863886
       ],
       [
        86.66016285933998,
        25.204633787235746
       ],
       [
        86.63880981302609,
        25.246422719956314
       ],
       [
        86.68295447565299,
        25.324076148947057
       ],
       [
        86.72219076390996,
        25.321875612222247
       ],
       [
        86.76674065117405,
        25.337227744076934
       ],
       [
        86.78924422802282,
        25.301485521240423
       ],
       [
        86.8286742932446,
        25.284929569110545
       ],
       [
        86.8382485223325,
        25.23668656340988
       ],
       [
        86.82703804536598,
        25.19746449177412
       ],
       [
        86.80325747060161,
        25.17196376845824
       ]
      ]
     ],
     [
      [
       [
        87.24947304936752,
        25.14933873340951
       ],
       [
        87.15831745527437,
        25.175501159418463
       ],
       [
        87.14654805753379,
        25.220370206930355
       ],
       [
        87.12201620338116,
        25.254217122345437
       ],
       [
        87.16366480716863,
        25.350445886892587
       ],
       [
        87.20085501688479,
        25.356204851468505
       ],
       [
        87.29516486647891,
        25.34398913946943
       ],
       [
        87.31950006934515,
        25.3064918359142
       ],
       [
        87.33103514410878,
        25.213253110337504
       ],
       [
        87.29227029452109,
        25.192567432298905
       ],
       [
        87.24947304936752,
        25.14933873340951
       ]
      ]
     ]
    ]
   }
  },
  {
   "type": "Feature",
   "id": "darbhanga",
   "properties": {
    "state": "Bihar",
    "district": "Darbhanga",
    "headquarters": "Darbhanga",
    "fullName": "Bihar / Darbhanga District",
    "population": 3937385,
    "blockCount": 3,
    "area_sqkm": 806.4,
    "bbox": [
     85.7979,
     26.0493,
     86.2141,
     26.3655
    ]
   },
   "geometry": {
    "type": "MultiPolygon",
    "coordinates": [
     [
      [
       [
        86.20725094665295,
        26.109998224601096
       ],
       [
        86.14839278061383,
        26.049296118529263
       ],
       [
        86.05511521134642,
        26.09877319985654
       ],
       [
        86.03323032404147,
        26.14589625911079
       ],
       [
        86.07915181518568,
        26.202625236880746
       ],
       [
        86.15362759531251,
        26.235688030265234
       ],
       [
        86.20045303061329,
        26.171966465051607
       ],
       [
        86.21412776987914,
        26.138395605525112
       ],
       [
        86.20725094665295,
        26.109998224601096
       ]
      ]
     ],
     [
      [
       [
        85.9560194654509,
        26.085561915345345
       ],
       [
        85.92579361266965,
        26.06716180399708
       ],
       [
        85.87190589946026,
        26.053496748289643
       ],
       [
        85.84736515798164,
        26.090512837689737
       ],
       [
        85.80978576096621,
        26.11258419604758
       ],
       [
        85.79789004739646,
        26.156567562221642
       ],
       [
        85.85203702896794,
        26.2164259651092
       ],
       [
        85.88286725013745,
        26.225745271696507
       ],
       [
        85.85430466868122,
        26.268506410107783
       ],
       [
        85.85864431161221,
        26.316904197536054
       ],
       [
        85.89827639314449,
        26.330311511557365
       ],
       [
        85.92412087870304,
        26.36545941384591
       ],
       [
        85.9679124776938,
        26.358971308912853
       ],
       [
        86.00677362298869,
        26.341067674432814
       ],
       [
        86.03690862458105,
        26.265654531711505
       ],
       [
        86.00853167767869,
        26.201397627664754
       ],
       [
        85.97462032689316,
        26.180776801642608
       ],
       [
        85.9897322034334,
        26.151616717469825
       ],
       [
        85.9560194654509,
        26.085561915345345
       ]
      ]
     ]
    ]
   }
  },
  {
   "type": "Feature",
   "id": "saran",
   "properties": {
    "state": "Bihar",
    "district": "Saran",
    "headquarters": "Chhapra",
    "fullName": "Bihar / Saran District",
    "population": 3951862,
    "blockCount": 3,
    "area_sqkm": 828.8,
    "bbox": [
     84.6554,
     25.616,
     85.269,
     26.0584
    ]
   },
   "geometry": {
    "type": "MultiPolygon",
    "coordinates": [
     [
      [
       [
        85.22872474101479,
        25.63641855259745
       ],
       [
        85.16380738286757,
        25.616042531324982
       ],
       [
        85.10369386991795,
        25.66897923488137
       ],
       [
        85.10564136751243,
        25.704696952025156
       ],
       [
        85.11671878871627,
        25.729473521339077
       ],
       [
        85.13557504771427,
        25.76307043163442
       ],
       [
        85.16250960091956,
        25.78012984278139
       ],
       [
        85.23330790767369,
        25.774349273052888
       ],
       [
        85.2643910798594,
        25.73343456387074
       ],
       [
        85.26904888767515,
        25.70061995845958
       ],
       [
        85.22872474101479,
        25.63641855259745
       ]
      ]
     ],
     [
      [
       [
        84.7717851901056,
        25.694863150872283
       ],
       [
        84.69840909122667,
        25.715242495954868
       ],
       [
        84.6731200779228,
        25.7367997801503
       ],
       [
        84.65544758517942,
        25.77457351038966
       ],
       [
        84.69440574151565,
        25.84850093345146
       ],
       [
        84.72769807418487,
        25.879428484614422
       ],
       [
        84.7626751304951,
        25.857994708345867
       ],
       [
        84.80252348307828,
        25.85313696722862
       ],
       [
        84.82863783973423,
        25.78489012685968
       ],
       [
        84.83630810067126,
        25.730338831195848
       ],
       [
        84.7717851901056,
        25.694863150872283
       ]
      ]
     ],
     [
      [
       [
        84.88823034135555,
        25.882437291940274
       ],
       [
        84.80781413377969,
        25.89117047557488
       ],
       [
        84.79255622664563,
        25.927995089533418
       ],
       [
        84.79005077119739,
        26.01556079163873
       ],
       [
        84.81061176418895,
        26.04390745904816
       ],
       [
        84.84459208791438,
        26.058433566142387
       ],
       [
        84.93143570820617,
        26.049149466777955
       ],
       [
        84.95339283821399,
        26.014254765234536
       ],
       [
        84.95385080983148,
        25.966356092391568
       ],
       [
        84.93224187768321,
        25.898340160141053
       ],
       [
        84.88823034135555,
        25.882437291940274
       ]
      ]
     ]
    ]
   }
  },
  {
   "type": "Feature",
   "id": "rohtas",
   "properties": {
    "state": "Bihar",
    "district": "Rohtas",
    "headquarters": "Sasaram",
    "fullName": "Bihar / Rohtas District",
    "population": 2959918,
    "blockCount": 3,
    "area_sqkm": 904.6,
    "bbox": [
     83.9359,
     24.82,
     84.3505,
     25.2965
    ]
   },
   "geometry": {
    "type": "MultiPolygon",
    "coordinates": [
     [
      [
       [
        84.20543126573185,
        25.001734261457884
       ],
       [
        84.24711244664128,
        24.983009204258895
       ],
       [
        84.25787459722541,
        24.904334881055174
       ],
       [
        84.24182979018299,
        24.827675525356753
       ],
       [
        84.19287814564234,
        24.832999757767197
       ],
       [
        84.15345519178675,
        24.819987958523804
       ],
       [
        84.13449637097743,
        24.8464051710155
       ],
       [
        84.09391770867326,
        24.861485225228048
       ],
       [
        84.09151814812112,
        24.881979693570067
       ],
       [
        84.05551090475842,
        24.85645730862122
       ],
       [
        84.01421797227954,
        24.864420143385143
       ],
       [
        83.97097281242293,
        24.883269275080867
       ],
       [
        83.94309886676476,
        24.911055724476935
       ],
       [
        83.93589552924036,
        24.994114769232784
       ],
       [
        83.96516423392555,
        25.029016202195287
       ],
       [
        84.00957916994993,
        25.03786782989925
       ],
       [
        84.09994403303618,
        25.030874293552387
       ],
       [
        84.12448821044745,
        24.98353018313816
       ],
       [
        84.20543126573185,
        25.001734261457884
       ]
      ]
     ],
     [
      [
       [
        84.23389308413253,
        25.112482489406005
       ],
       [
        84.2089900714815,
        25.141769749289598
       ],
       [
        84.17448941575923,
        25.164523740314607
       ],
       [
        84.1650361696668,
        25.236827501689856
       ],
       [
        84.21314043735498,
        25.26218696048074
       ],
       [
        84.23939986001679,
        25.287962821442548
       ],
       [
        84.2745261770594,
        25.29646468555358
       ],
       [
        84.31336670883155,
        25.267157759618364
       ],
       [
        84.33579812261942,
        25.23803289468035
       ],
       [
        84.35049952458549,
        25.193625813222813
       ],
       [
        84.28482154507857,
        25.105055542136345
       ],
       [
        84.23389308413253,
        25.112482489406005
       ]
      ]
     ]
    ]
   }
  },
  {
   "type": "Feature",
   "id": "jehanabad",
   "properties": {
    "state": "Bihar",
    "district": "Jehanabad",
    "headquarters": "Jehanabad",
    "fullName": "Bihar / Jehanabad District",
    "population": 1125313,
    "blockCount": 3,
    "area_sqkm": 655.6,
    "bbox": [
     84.8098,
     25.0784,
     85.1861,
     25.339
    ]
   },
   "geometry": {
    "type": "Polygon",
    "coordinates": [
     [
      [
       85.07112728887691,
       25.236082688138186
      ],
      [
       85.12013577014702,
       25.235733670248585
      ],
      [
       85.16803026960429,
       25.19777630517158
      ],
      [
       85.18612788166418,
       25.163093490883547
      ],
      [
       85.14370633338292,
       25.095899867663277
      ],
      [
       85.07815561470498,
       25.078392446806827
      ],
      [
       85.04109032399701,
       25.095864102991467
      ],
      [
       85.03481886450241,
       25.12791526583439
      ],
      [
       84.96517508596318,
       25.116027281545886
      ],
      [
       84.90489372673545,
       25.172124649055817
      ],
      [
       84.87925468165228,
       25.177916449620128
      ],
      [
       84.85561762538968,
       25.20733218999455
      ],
      [
       84.82485072975433,
       25.2280765374576
      ],
      [
       84.80983504004433,
       25.26175626881908
      ],
      [
       84.84542163973109,
       25.326958630963414
      ],
      [
       84.87930128049913,
       25.33895842962601
      ],
      [
       84.95029520159716,
       25.31823148787299
      ],
      [
       84.97918260295674,
       25.29167103344673
      ],
      [
       85.0453109547713,
       25.27937537535051
      ],
      [
       85.07112728887691,
       25.236082688138186
      ]
     ]
    ]
   }
  },
  {
   "type": "Feature",
   "id": "arwal",
   "properties": {
    "state": "Bihar",
    "district": "Arwal",
    "headquarters": "Arwal",
    "fullName": "Bihar / Arwal District",
    "population": 587299,
    "blockCount": 2,
    "area_sqkm": 443.7,
    "bbox": [
     84.5766,
     24.9648,
     84.8336,
     25.1762
    ]
   },
   "geometry": {
    "type": "Polygon",
    "coordinates": [
     [
      [
       84.79996971456394,
       25.105714402090253
      ],
      [
       84.8269474294363,
       25.081840064825688
      ],
      [
       84.8336449025704,
       25.012445255644945
      ],
      [
       84.77307654510012,
       24.970874080417044
      ],
      [
       84.72598027278698,
       24.96476042174372
      ],
      [
       84.66512170682935,
       25.002515759028366
      ],
      [
       84.6238569720715,
       24.999682745396605
      ],
      [
       84.5971669075259,
       25.03169186389239
      ],
      [
       84.57662331264349,
       25.076145674505163
      ],
      [
       84.62646763981037,
       25.152701525191013
      ],
      [
       84.66543168855507,
       25.176193187019923
      ],
      [
       84.7050500877067,
       25.17334229031116
      ],
      [
       84.75657571007625,
       25.120573926219066
      ],
      [
       84.79996971456394,
       25.105714402090253
      ]
     ]
    ]
   }
  },
  {
   "type": "Feature",
   "id": "nawada",
   "properties": {
    "state": "Bihar",
    "district": "Nawada",
    "headquarters": "Nawada",
    "fullName": "Bihar / Nawada District",
    "population": 2219641,
    "blockCount": 4,
    "area_sqkm": 1177.6,
    "bbox": [
     85.2875,
     24.7099,
     85.7519,
     25.0685
    ]
   },
   "geometry": {
    "type": "Polygon",
    "coordinates": [
     [
      [
       85.39357623441549,
       24.709907706845414
      ],
      [
       85.3684497537286,
       24.723052467848273
      ],
      [
       85.32384442977819,
       24.728532199158177
      ],
      [
       85.28749557913,
       24.757734434537618
      ],
      [
       85.29036054542337,
       24.836994008955987
      ],
      [
       85.33325421737665,
       24.86544659935327
      ],
      [
       85.35555742503139,
       24.890195298143436
      ],
      [
       85.36651966527144,
       24.887334230168545
      ],
      [
       85.35377483513254,
       24.89519600535723
      ],
      [
       85.32995440130834,
       24.934530282578713
      ],
      [
       85.32687622990554,
       24.96638126972774
      ],
      [
       85.3663425327724,
       25.03732041220464
      ],
      [
       85.40323069644401,
       25.068461284876246
      ],
      [
       85.44726608068434,
       25.06828734860761
      ],
      [
       85.47669007979734,
       25.051067409867102
      ],
      [
       85.50230339885546,
       25.017687843134993
      ],
      [
       85.50549662460966,
       24.967538087709567
      ],
      [
       85.56429377098819,
       24.97673782637011
      ],
      [
       85.56075245600978,
       25.006991407930148
      ],
      [
       85.6345269709491,
       25.04198942669694
      ],
      [
       85.66986711575352,
       25.03431791524785
      ],
      [
       85.71015983492445,
       25.03635964891475
      ],
      [
       85.75191840896566,
       24.959153136371427
      ],
      [
       85.70552559027777,
       24.88652191220398
      ],
      [
       85.63055031813323,
       24.869618260760955
      ],
      [
       85.6340861873489,
       24.84978199366172
      ],
      [
       85.56074722074084,
       24.795036118126305
      ],
      [
       85.5218263436426,
       24.79333473001814
      ],
      [
       85.47815103080339,
       24.808555886242736
      ],
      [
       85.46544048968322,
       24.861164676173555
      ],
      [
       85.44834242145093,
       24.882281829654197
      ],
      [
       85.41862712466447,
       24.87373454798153
      ],
      [
       85.4392836764102,
       24.868343332556833
      ],
      [
       85.44841146098193,
       24.83583214499184
      ],
      [
       85.48061800849183,
       24.803116661692307
      ],
      [
       85.44474880455287,
       24.72064093338627
      ],
      [
       85.39357623441549,
       24.709907706845414
      ]
     ]
    ]
   }
  },
  {
   "type": "Feature",
   "id": "sheikhpura",
   "properties": {
    "state": "Bihar",
    "district": "Sheikhpura",
    "headquarters": "Sheikhpura",
    "fullName": "Bihar / Sheikhpura District",
    "population": 634743,
    "blockCount": 2,
    "area_sqkm": 539.7,
    "bbox": [
     85.6701,
     24.9311,
     85.9498,
     25.2241
    ]
   },
   "geometry": {
    "type": "Polygon",
    "coordinates": [
     [
      [
       85.83262104927898,
       25.023153238295325
      ],
      [
       85.82177848223309,
       24.98897137757894
      ],
      [
       85.76366625471783,
       24.93105448401903
      ],
      [
       85.73836090829796,
       24.9510757413577
      ],
      [
       85.70125545638311,
       24.9621149745154
      ],
      [
       85.68545956449394,
       24.989532695451356
      ],
      [
       85.6701208298543,
       25.057280911707053
      ],
      [
       85.70956209118312,
       25.075487111207835
      ],
      [
       85.72531083899615,
       25.10036389114694
      ],
      [
       85.77469555688899,
       25.09458286400469
      ],
      [
       85.74980832689246,
       25.146382093958522
      ],
      [
       85.76375772189166,
       25.173360011587015
      ],
      [
       85.8306553393305,
       25.224114335593686
      ],
      [
       85.90962662102166,
       25.220575955877553
      ],
      [
       85.94980428978846,
       25.14536529610428
      ],
      [
       85.93852552075958,
       25.102447868986165
      ],
      [
       85.87476513048996,
       25.045680030799975
      ],
      [
       85.8240544199584,
       25.04296952596815
      ],
      [
       85.83262104927898,
       25.023153238295325
      ]
     ]
    ]
   }
  },
  {
   "type": "Feature",
   "id": "jamui",
   "properties": {
    "state": "Bihar",
    "district": "Jamui",
    "headquarters": "Jamui",
    "fullName": "Bihar / Jamui District",
    "population": 1760402,
    "blockCount": 3,
    "area_sqkm": 968.0,
    "bbox": [
     86.1381,
     24.5125,
     86.5848,
     25.0082
    ]
   },
   "geometry": {
    "type": "MultiPolygon",
    "coordinates": [
     [
      [
       [
        86.4661529158974,
        24.711133890525836
       ],
       [
        86.53643389882328,
        24.69826496097248
       ],
       [
        86.55857236253867,
        24.653705921790092
       ],
       [
        86.58477321631938,
        24.628258679231948
       ],
       [
        86.57442147497187,
        24.581231316587
       ],
       [
        86.54031395303268,
        24.53906902576323
       ],
       [
        86.50022152611952,
        24.512456339302204
       ],
       [
        86.4617345004352,
        24.514740897448554
       ],
       [
        86.41677206569254,
        24.53396768587854
       ],
       [
        86.39015552200796,
        24.574258993186337
       ],
       [
        86.38296156604731,
        24.640415444215414
       ],
       [
        86.3475093452876,
        24.640557459068727
       ],
       [
        86.27229480387938,
        24.7427508597128
       ],
       [
        86.3197391195155,
        24.81437312053879
       ],
       [
        86.36249345103852,
        24.851472744041303
       ],
       [
        86.4068953163567,
        24.855882264989873
       ],
       [
        86.43897141917705,
        24.8236731380108
       ],
       [
        86.46536805883974,
        24.753067669433083
       ],
       [
        86.45068056318779,
        24.703572840455518
       ],
       [
        86.4661529158974,
        24.711133890525836
       ]
      ]
     ],
     [
      [
       [
        86.24138796449296,
        24.82918238418968
       ],
       [
        86.19453492930707,
        24.823698533305194
       ],
       [
        86.16255122243419,
        24.8486705447455
       ],
       [
        86.13806380309805,
        24.92055591705366
       ],
       [
        86.165782256417,
        24.988919762777243
       ],
       [
        86.19770520924689,
        25.008189463501616
       ],
       [
        86.27506318701845,
        24.995676384352503
       ],
       [
        86.30250835546843,
        24.917120846144023
       ],
       [
        86.29277171268832,
        24.88959677432026
       ],
       [
        86.24138796449296,
        24.82918238418968
       ]
      ]
     ]
    ]
   }
  },
  {
   "type": "Feature",
   "id": "lakhisarai",
   "properties": {
    "state": "Bihar",
    "district": "Lakhisarai",
    "headquarters": "Lakhisarai",
    "fullName": "Bihar / Lakhisarai District",
    "population": 1000687,
    "blockCount": 2,
    "area_sqkm": 497.0,
    "bbox": [
     85.9775,
     25.0834,
     86.1926,
     25.366
    ]
   },
   "geometry": {
    "type": "Polygon",
    "coordinates": [
     [
      [
       86.15223405547141,
       25.24540736195281
      ],
      [
       86.19255518026313,
       25.17640186852387
      ],
      [
       86.16700831038227,
       25.131414323024053
      ],
      [
       86.11634843284138,
       25.083437609339533
      ],
      [
       86.07053701503796,
       25.08389829352782
      ],
      [
       86.00585651159062,
       25.132933459830955
      ],
      [
       85.99391747304392,
       25.162439033785983
      ],
      [
       85.99998490273066,
       25.219409493838974
      ],
      [
       86.01103197799232,
       25.226485737746827
      ],
      [
       85.98014717339709,
       25.248118650415673
      ],
      [
       85.97745861276475,
       25.281243751815012
      ],
      [
       85.98728346159761,
       25.31702969815095
      ],
      [
       86.04458144526761,
       25.366030633863552
      ],
      [
       86.13467566204993,
       25.32043973413398
      ],
      [
       86.14308788812046,
       25.279902731466326
      ],
      [
       86.13041041266193,
       25.249753028469485
      ],
      [
       86.15223405547141,
       25.24540736195281
      ]
     ]
    ]
   }
  },
  {
   "type": "Feature",
   "id": "munger",
   "properties": {
    "state": "Bihar",
    "district": "Munger",
    "headquarters": "Munger",
    "fullName": "Bihar / Munger District",
    "population": 1367765,
    "blockCount": 2,
    "area_sqkm": 607.0,
    "bbox": [
     86.2535,
     25.2138,
     86.5625,
     25.4897
    ]
   },
   "geometry": {
    "type": "Polygon",
    "coordinates": [
     [
      [
       86.41778495723487,
       25.329538858873235
      ],
      [
       86.42330626407676,
       25.27203145398195
      ],
      [
       86.40594517940374,
       25.236120215934527
      ],
      [
       86.36797223061801,
       25.2137946625998
      ],
      [
       86.27778908778008,
       25.233631110303538
      ],
      [
       86.25345174799438,
       25.348917399769437
      ],
      [
       86.2728756978238,
       25.381959099891166
      ],
      [
       86.32393910677219,
       25.409029782500756
      ],
      [
       86.3538723154367,
       25.394462421467583
      ],
      [
       86.37952359188215,
       25.3917305100969
      ],
      [
       86.39710922315005,
       25.419994598883132
      ],
      [
       86.41168892998883,
       25.470423240735908
      ],
      [
       86.44254307033584,
       25.489738002602017
      ],
      [
       86.49126739313716,
       25.48268091101187
      ],
      [
       86.56251352133222,
       25.42611260323521
      ],
      [
       86.54872236046805,
       25.392448442030393
      ],
      [
       86.55763597724984,
       25.33955072476057
      ],
      [
       86.49307037562996,
       25.30032041127985
      ],
      [
       86.44652946885795,
       25.30835463899122
      ],
      [
       86.41778495723487,
       25.329538858873235
      ]
     ]
    ]
   }
  },
  {
   "type": "Feature",
   "id": "varanasi",
   "properties": {
    "state": "Uttar Pradesh",
    "district": "Varanasi",
    "headquarters": "Varanasi",
    "fullName": "Uttar Pradesh / Varanasi District",
    "population": 3676841,
    "blockCount": 2,
    "area_sqkm": 612.2,
    "bbox": [
     82.755,
     25.2241,
     83.0651,
     25.5742
    ]
   },
   "geometry": {
    "type": "MultiPolygon",
    "coordinates": [
     [
      [
       [
        83.06066005407386,
        25.27560551083998
       ],
       [
        83.03440702079996,
        25.245316177060925
       ],
       [
        82.98767068470777,
        25.22406603700777
       ],
       [
        82.87730158064952,
        25.278961444549463
       ],
       [
        82.89370262682303,
        25.351786628370153
       ],
       [
        82.91457679206935,
        25.381162364200314
       ],
       [
        82.95662898611239,
        25.40081774290672
       ],
       [
        82.99717397661378,
        25.407926982574235
       ],
       [
        83.04315895119394,
        25.360479605576053
       ],
       [
        83.06511250604264,
        25.312835753653317
       ],
       [
        83.06066005407386,
        25.27560551083998
       ]
      ]
     ],
     [
      [
       [
        82.91532243556412,
        25.400981520097602
       ],
       [
        82.86731387740372,
        25.380585365533832
       ],
       [
        82.83567993136108,
        25.38357244598852
       ],
       [
        82.75497908972962,
        25.4422220893183
       ],
       [
        82.7723466915869,
        25.523011472012286
       ],
       [
        82.79312211679625,
        25.5576540049905
       ],
       [
        82.87040617588934,
        25.574165140615058
       ],
       [
        82.946548630177,
        25.480143627110856
       ],
       [
        82.91532243556412,
        25.400981520097602
       ]
      ]
     ]
    ]
   }
  },
  {
   "type": "Feature",
   "id": "gorakhpur",
   "properties": {
    "state": "Uttar Pradesh",
    "district": "Gorakhpur",
    "headquarters": "Gorakhpur",
    "fullName": "Uttar Pradesh / Gorakhpur District",
    "population": 4440895,
    "blockCount": 2,
    "area_sqkm": 644.6,
    "bbox": [
     83.1125,
     26.6589,
     83.4794,
     26.8652
    ]
   },
   "geometry": {
    "type": "Polygon",
    "coordinates": [
     [
      [
       83.31707324862926,
       26.82879324712849
      ],
      [
       83.34478874510674,
       26.86520161113451
      ],
      [
       83.43974024852378,
       26.839727462536047
      ],
      [
       83.47942293723843,
       26.764426947925617
      ],
      [
       83.42507845149673,
       26.69247980557837
      ],
      [
       83.39295705448471,
       26.666901382746147
      ],
      [
       83.35112549366937,
       26.658863676372032
      ],
      [
       83.30478918192718,
       26.682026094844435
      ],
      [
       83.28298428272544,
       26.737823986345408
      ],
      [
       83.26338058819341,
       26.691541162165
      ],
      [
       83.23205452630668,
       26.680543211035154
      ],
      [
       83.15059331383125,
       26.706524119570446
      ],
      [
       83.1125334223468,
       26.77392967340108
      ],
      [
       83.11655091540261,
       26.808525528550547
      ],
      [
       83.14620481495734,
       26.840237809360673
      ],
      [
       83.19529349860359,
       26.8589895572131
      ],
      [
       83.26265758208756,
       26.84250579994364
      ],
      [
       83.29041278677711,
       26.817911578754288
      ],
      [
       83.31707324862926,
       26.82879324712849
      ]
     ]
    ]
   }
  },
  {
   "type": "Feature",
   "id": "ballia",
   "properties": {
    "state": "Uttar Pradesh",
    "district": "Ballia",
    "headquarters": "Ballia",
    "fullName": "Uttar Pradesh / Ballia District",
    "population": 3239774,
    "blockCount": 2,
    "area_sqkm": 593.5,
    "bbox": [
     83.755,
     25.6654,
     84.2273,
     25.9365
    ]
   },
   "geometry": {
    "type": "MultiPolygon",
    "coordinates": [
     [
      [
       [
        84.21146429687505,
        25.684109844389955
       ],
       [
        84.1718733198363,
        25.665378870450905
       ],
       [
        84.09731470950031,
        25.684150003730736
       ],
       [
        84.04963446602649,
        25.754768141820602
       ],
       [
        84.05443892986395,
        25.79744386911235
       ],
       [
        84.13298976159095,
        25.858453663360518
       ],
       [
        84.16405085887295,
        25.850068692281408
       ],
       [
        84.2265586865299,
        25.804443825363
       ],
       [
        84.22734462206552,
        25.721159980257557
       ],
       [
        84.21146429687505,
        25.684109844389955
       ]
      ]
     ],
     [
      [
       [
        83.86692857404192,
        25.757648616751034
       ],
       [
        83.78808193988529,
        25.775738549452228
       ],
       [
        83.75498517532269,
        25.81305298387849
       ],
       [
        83.7775862422562,
        25.887150960013773
       ],
       [
        83.79268182587568,
        25.912001799202876
       ],
       [
        83.87625121503662,
        25.936478725439986
       ],
       [
        83.9005224948233,
        25.921615053855586
       ],
       [
        83.92099541419829,
        25.88488517304372
       ],
       [
        83.95183198657179,
        25.852386781169287
       ],
       [
        83.86692857404192,
        25.757648616751034
       ]
      ]
     ]
    ]
   }
  },
  {
   "type": "Feature",
   "id": "kolkata",
   "properties": {
    "state": "West Bengal",
    "district": "Kolkata",
    "headquarters": "Kolkata",
    "fullName": "West Bengal / Kolkata District",
    "population": 4496694,
    "blockCount": 2,
    "area_sqkm": 388.9,
    "bbox": [
     88.2472,
     22.4448,
     88.4478,
     22.6585
    ]
   },
   "geometry": {
    "type": "Polygon",
    "coordinates": [
     [
      [
       88.3815750415406,
       22.471455788091895
      ],
      [
       88.35316229650796,
       22.444754203803008
      ],
      [
       88.2833544820854,
       22.465452750821704
      ],
      [
       88.25765223335578,
       22.4928473566714
      ],
      [
       88.24719692913449,
       22.56779017166588
      ],
      [
       88.27523268262175,
       22.589640206728426
      ],
      [
       88.27654845633371,
       22.616952714606725
      ],
      [
       88.29783769474034,
       22.652641084834706
      ],
      [
       88.33816191978798,
       22.65851508998308
      ],
      [
       88.41958753176212,
       22.6511392574189
      ],
      [
       88.44783497110036,
       22.61640503344897
      ],
      [
       88.44643271453228,
       22.566214504119174
      ],
      [
       88.41303613722269,
       22.49988713018085
      ],
      [
       88.39329195728592,
       22.49783256451876
      ],
      [
       88.3815750415406,
       22.471455788091895
      ]
     ]
    ]
   }
  },
  {
   "type": "Feature",
   "id": "howrah",
   "properties": {
    "state": "West Bengal",
    "district": "Howrah",
    "headquarters": "Howrah",
    "fullName": "West Bengal / Howrah District",
    "population": 4850029,
    "blockCount": 2,
    "area_sqkm": 308.9,
    "bbox": [
     88.2393,
     22.504,
     88.4069,
     22.7192
    ]
   },
   "geometry": {
    "type": "Polygon",
    "coordinates": [
     [
      [
       88.3975981632524,
       22.588627375795625
      ],
      [
       88.37205738774811,
       22.557200358825416
      ],
      [
       88.36209444394238,
       22.52615934149831
      ],
      [
       88.33529649495368,
       22.504025185400387
      ],
      [
       88.29384830173828,
       22.51678161756646
      ],
      [
       88.2393287756304,
       22.54924592139238
      ],
      [
       88.24431042633735,
       22.623367455018094
      ],
      [
       88.27073764843047,
       22.65682352948716
      ],
      [
       88.27986327123841,
       22.681937809477976
      ],
      [
       88.32875936736909,
       22.714670269975084
      ],
      [
       88.35967900928885,
       22.71924604035394
      ],
      [
       88.40398575198242,
       22.675216489998437
      ],
      [
       88.40691080106718,
       22.651878680168462
      ],
      [
       88.38976691758113,
       22.60906652904601
      ],
      [
       88.3975981632524,
       22.588627375795625
      ]
     ]
    ]
   }
  },
  {
   "type": "Feature",
   "id": "khordha",
   "properties": {
    "state": "Odisha",
    "district": "Khordha",
    "headquarters": "Bhubaneswar",
    "fullName": "Odisha / Khordha District",
    "population": 2251673,
    "blockCount": 2,
    "area_sqkm": 537.0,
    "bbox": [
     85.631,
     20.0818,
     85.9047,
     20.381
    ]
   },
   "geometry": {
    "type": "MultiPolygon",
    "coordinates": [
     [
      [
       [
        85.74158110756473,
        20.11617230426103
       ],
       [
        85.72176978262694,
        20.08673880995318
       ],
       [
        85.67921925452046,
        20.08175029151979
       ],
       [
        85.63899532552068,
        20.104540894155544
       ],
       [
        85.63103210867311,
        20.13669148955373
       ],
       [
        85.63403371411253,
        20.205750740988464
       ],
       [
        85.68611570006522,
        20.254383530856046
       ],
       [
        85.71856820941903,
        20.25506359091191
       ],
       [
        85.76968927393551,
        20.203136231329772
       ],
       [
        85.77447093282622,
        20.128354848521642
       ],
       [
        85.74158110756473,
        20.11617230426103
       ]
      ]
     ],
     [
      [
       [
        85.87805924955866,
        20.214515578906532
       ],
       [
        85.80379392767888,
        20.19938392696942
       ],
       [
        85.76885290887296,
        20.214156327137726
       ],
       [
        85.73612436782517,
        20.254436035054063
       ],
       [
        85.73301635047349,
        20.29313513631458
       ],
       [
        85.74117814040996,
        20.331064173050326
       ],
       [
        85.76549475430176,
        20.368279372210214
       ],
       [
        85.80446689762708,
        20.3810002514513
       ],
       [
        85.8821630101912,
        20.35940401947254
       ],
       [
        85.89678312080403,
        20.320567207010455
       ],
       [
        85.90468116924269,
        20.245013545782523
       ],
       [
        85.87805924955866,
        20.214515578906532
       ]
      ]
     ]
    ]
   }
  },
  {
   "type": "Feature",
   "id": "cuttack",
   "properties": {
    "state": "Odisha",
    "district": "Cuttack",
    "headquarters": "Cuttack",
    "fullName": "Odisha / Cuttack District",
    "population": 2624470,
    "blockCount": 3,
    "area_sqkm": 839.3,
    "bbox": [
     85.3488,
     20.3692,
     86.0696,
     20.645
    ]
   },
   "geometry": {
    "type": "MultiPolygon",
    "coordinates": [
     [
      [
       [
        85.93909665411351,
        20.379889475055805
       ],
       [
        85.89532826324215,
        20.369232697673798
       ],
       [
        85.86075011438709,
        20.371134135309145
       ],
       [
        85.81972783870722,
        20.39027762080648
       ],
       [
        85.80113992321084,
        20.417120283886906
       ],
       [
        85.79474527419602,
        20.493899261885414
       ],
       [
        85.81386729809539,
        20.539318303600663
       ],
       [
        85.86323190064059,
        20.56059674106881
       ],
       [
        85.89806780100322,
        20.55930210921934
       ],
       [
        85.93461084831827,
        20.51799728810038
       ],
       [
        85.94812377467586,
        20.53490472946508
       ],
       [
        85.97790430736698,
        20.549443493130717
       ],
       [
        86.03978231853951,
        20.538854562980575
       ],
       [
        86.06964156696529,
        20.51544557244476
       ],
       [
        86.0643486550976,
        20.479861440626618
       ],
       [
        86.03822383625385,
        20.42034401051141
       ],
       [
        85.96898569926978,
        20.39377938785976
       ],
       [
        85.95320213116001,
        20.413274360064158
       ],
       [
        85.93909665411351,
        20.379889475055805
       ]
      ]
     ],
     [
      [
       [
        85.46976178153483,
        20.453883482407687
       ],
       [
        85.38225215882967,
        20.474535942899987
       ],
       [
        85.3496309997892,
        20.497804258945074
       ],
       [
        85.36282494358227,
        20.54866165606885
       ],
       [
        85.34882244965334,
        20.601635140585397
       ],
       [
        85.38958734322385,
        20.618526200407437
       ],
       [
        85.42197253167548,
        20.644951446741093
       ],
       [
        85.46631693652866,
        20.644991049791127
       ],
       [
        85.54273033927555,
        20.58840153749826
       ],
       [
        85.5398544367035,
        20.550166575469923
       ],
       [
        85.55077192718919,
        20.507816477664893
       ],
       [
        85.46976178153483,
        20.453883482407687
       ]
      ]
     ]
    ]
   }
  },
  {
   "type": "Feature",
   "id": "jagatsinghpur",
   "properties": {
    "state": "Odisha",
    "district": "Jagatsinghpur",
    "headquarters": "Jagatsinghpur",
    "fullName": "Odisha / Jagatsinghpur District",
    "population": 1136971,
    "blockCount": 2,
    "area_sqkm": 565.2,
    "bbox": [
     85.9589,
     20.167,
     86.2615,
     20.4521
    ]
   },
   "geometry": {
    "type": "Polygon",
    "coordinates": [
     [
      [
       86.14696003691986,
       20.35513009168785
      ],
      [
       86.18483623346033,
       20.3423737521126
      ],
      [
       86.24186764596442,
       20.296255000838414
      ],
      [
       86.26146644398628,
       20.22288267245967
      ],
      [
       86.22514767526897,
       20.20104344987926
      ],
      [
       86.19730938629269,
       20.16696581678749
      ],
      [
       86.15357311748723,
       20.175462839527096
      ],
      [
       86.11954407475149,
       20.194001939931976
      ],
      [
       86.0979787305351,
       20.223357787098017
      ],
      [
       86.08580607666248,
       20.28941934560524
      ],
      [
       86.02811059120373,
       20.28457731033181
      ],
      [
       85.99545565632263,
       20.29652974297916
      ],
      [
       85.9628932424034,
       20.320711340449428
      ],
      [
       85.95888969165016,
       20.40024249856182
      ],
      [
       85.98661172540616,
       20.428684930501923
      ],
      [
       86.07538852956768,
       20.45212511535824
      ],
      [
       86.13261031105183,
       20.406565110745557
      ],
      [
       86.15306015532924,
       20.36628328045221
      ],
      [
       86.14696003691986,
       20.35513009168785
      ]
     ]
    ]
   }
  },
  {
   "type": "Feature",
   "id": "puri",
   "properties": {
    "state": "Odisha",
    "district": "Puri",
    "headquarters": "Puri",
    "fullName": "Odisha / Puri District",
    "population": 1697983,
    "blockCount": 3,
    "area_sqkm": 905.2,
    "bbox": [
     85.7349,
     19.7094,
     86.0711,
     20.1583
    ]
   },
   "geometry": {
    "type": "MultiPolygon",
    "coordinates": [
     [
      [
       [
        85.88620399673174,
        19.742570132332464
       ],
       [
        85.85032797960545,
        19.70942218568174
       ],
       [
        85.80560899492644,
        19.729254076386784
       ],
       [
        85.7637134419364,
        19.732321553587212
       ],
       [
        85.73488173576962,
        19.813430201903714
       ],
       [
        85.76885301767952,
        19.878070140531605
       ],
       [
        85.84392986214313,
        19.90194202470431
       ],
       [
        85.89414868979996,
        19.880965900759826
       ],
       [
        85.92252010159473,
        19.846069623750324
       ],
       [
        85.92414221042637,
        19.81117514638486
       ],
       [
        85.88620399673174,
        19.742570132332464
       ]
      ]
     ],
     [
      [
       [
        85.85282530767705,
        19.93366030352403
       ],
       [
        85.77231034438684,
        19.95362145263772
       ],
       [
        85.74726615334973,
        19.986698748259116
       ],
       [
        85.74763111406347,
        20.052582953395955
       ],
       [
        85.77121644194831,
        20.089463298693744
       ],
       [
        85.81813248714603,
        20.088758253356477
       ],
       [
        85.85228546801889,
        20.10157495888092
       ],
       [
        85.88590510990608,
        20.089302929625294
       ],
       [
        85.8946716429469,
        20.04321686974817
       ],
       [
        85.89143763194207,
        20.107572018396272
       ],
       [
        85.9140767036597,
        20.135128667977664
       ],
       [
        85.9635600491583,
        20.158273224052046
       ],
       [
        86.00870804157364,
        20.152478229892616
       ],
       [
        86.06830448191508,
        20.106409796449014
       ],
       [
        86.05701633413769,
        20.064813741608173
       ],
       [
        86.07106284525554,
        20.018103585699784
       ],
       [
        85.9991024057762,
        19.958473839215824
       ],
       [
        85.96267938334556,
        19.965792785902472
       ],
       [
        85.90528813874954,
        20.003368832679172
       ],
       [
        85.87779559557397,
        19.95087941892965
       ],
       [
        85.85282530767705,
        19.93366030352403
       ]
      ]
     ]
    ]
   }
  },
  {
   "type": "Feature",
   "id": "kendrapara",
   "properties": {
    "state": "Odisha",
    "district": "Kendrapara",
    "headquarters": "Kendrapara",
    "fullName": "Odisha / Kendrapara District",
    "population": 2061923,
    "blockCount": 2,
    "area_sqkm": 689.4,
    "bbox": [
     86.3354,
     20.0924,
     86.7622,
     20.5912
    ]
   },
   "geometry": {
    "type": "MultiPolygon",
    "coordinates": [
     [
      [
       [
        86.7361030428321,
        20.154015965965062
       ],
       [
        86.70435631336103,
        20.1305355152593
       ],
       [
        86.6772395452552,
        20.09237893020922
       ],
       [
        86.59232029716586,
        20.127407803449458
       ],
       [
        86.56094963936066,
        20.15269770619624
       ],
       [
        86.53781676949039,
        20.19659535507766
       ],
       [
        86.58764684762117,
        20.285571074346628
       ],
       [
        86.62799175858183,
        20.302781470005673
       ],
       [
        86.74944986567361,
        20.2544981489336
       ],
       [
        86.76215418859945,
        20.204646816886953
       ],
       [
        86.7361030428321,
        20.154015965965062
       ]
      ]
     ],
     [
      [
       [
        86.47218420224158,
        20.442930357056742
       ],
       [
        86.44476939238777,
        20.415631887833474
       ],
       [
        86.39378559093257,
        20.4027866226803
       ],
       [
        86.33539949774543,
        20.452654410082996
       ],
       [
        86.34078214979935,
        20.531373511180387
       ],
       [
        86.368277223511,
        20.573005397135038
       ],
       [
        86.39362977537165,
        20.591232485428353
       ],
       [
        86.43965442750074,
        20.590891159093054
       ],
       [
        86.46463997261098,
        20.562693460524695
       ],
       [
        86.513641080152,
        20.539834353104578
       ],
       [
        86.51592123362427,
        20.461847791876473
       ],
       [
        86.47218420224158,
        20.442930357056742
       ]
      ]
     ]
    ]
   }
  },
  {
   "type": "Feature",
   "id": "hazaribagh",
   "properties": {
    "state": "Jharkhand",
    "district": "Hazaribagh",
    "headquarters": "Hazaribagh",
    "fullName": "Jharkhand / Hazaribagh District",
    "population": 1734095,
    "blockCount": 5,
    "area_sqkm": 1341.4,
    "bbox": [
     85.1391,
     23.746,
     85.7061,
     24.4726
    ]
   },
   "geometry": {
    "type": "MultiPolygon",
    "coordinates": [
     [
      [
       [
        85.29654112546062,
        23.75504225203958
       ],
       [
        85.25259111601834,
        23.74598698657127
       ],
       [
        85.16487566970267,
        23.751041472373657
       ],
       [
        85.1390648858376,
        23.787286612139315
       ],
       [
        85.14789640102555,
        23.826833020022494
       ],
       [
        85.14490919179407,
        23.876956264478274
       ],
       [
        85.24713314395784,
        23.918672189304857
       ],
       [
        85.28811521373964,
        23.911682012695657
       ],
       [
        85.32128467654748,
        23.824815602904067
       ],
       [
        85.30030661249693,
        23.79645611675394
       ],
       [
        85.29654112546062,
        23.75504225203958
       ]
      ]
     ],
     [
      [
       [
        85.56893978192093,
        23.881406981054457
       ],
       [
        85.48803975358524,
        23.907698669380398
       ],
       [
        85.4700021300312,
        23.939418031226374
       ],
       [
        85.46520300688111,
        23.97597087048041
       ],
       [
        85.44380768619553,
        23.993729345251985
       ],
       [
        85.43604318596952,
        23.951655055291642
       ],
       [
        85.41771074712742,
        23.924849685424377
       ],
       [
        85.37463884485973,
        23.89797125044841
       ],
       [
        85.30522185720491,
        23.922802420082686
       ],
       [
        85.27958338282271,
        23.946550615508922
       ],
       [
        85.2671622748129,
        23.989798064999185
       ],
       [
        85.2767669673267,
        24.03625241407102
       ],
       [
        85.30182207613977,
        24.061896228236233
       ],
       [
        85.34410152948325,
        24.06937195168399
       ],
       [
        85.3777600405385,
        24.0672632080095
       ],
       [
        85.41517757636129,
        24.049804910838674
       ],
       [
        85.44110802907885,
        24.120063471259556
       ],
       [
        85.51992632206394,
        24.13969139199298
       ],
       [
        85.58694300311457,
        24.059100534828936
       ],
       [
        85.63456509437256,
        24.01450500194622
       ],
       [
        85.62988551404567,
        23.982029611670477
       ],
       [
        85.63965390845092,
        23.930286711225083
       ],
       [
        85.56893978192093,
        23.881406981054457
       ]
      ]
     ],
     [
      [
       [
        85.56097326274816,
        24.311077599048946
       ],
       [
        85.51966127707333,
        24.376830212467354
       ],
       [
        85.53591792493155,
        24.425114806557396
       ],
       [
        85.59983447420062,
        24.47255332342924
       ],
       [
        85.63566406342105,
        24.463477451597686
       ],
       [
        85.67423906362899,
        24.441020127634673
       ],
       [
        85.70482522540011,
        24.38587431242695
       ],
       [
        85.70607411935917,
        24.334923512350755
       ],
       [
        85.6487526511249,
        24.284623647235406
       ],
       [
        85.56097326274816,
        24.311077599048946
       ]
      ]
     ]
    ]
   }
  },
  {
   "type": "Feature",
   "id": "ramgarh",
   "properties": {
    "state": "Jharkhand",
    "district": "Ramgarh",
    "headquarters": "Ramgarh",
    "fullName": "Jharkhand / Ramgarh District",
    "population": 950461,
    "blockCount": 3,
    "area_sqkm": 811.0,
    "bbox": [
     84.9792,
     23.5408,
     85.7055,
     23.8097
    ]
   },
   "geometry": {
    "type": "MultiPolygon",
    "coordinates": [
     [
      [
       [
        85.6165948530371,
        23.63263981154374
       ],
       [
        85.57672186571402,
        23.56182561574895
       ],
       [
        85.54412623006122,
        23.540840174168114
       ],
       [
        85.50239619368958,
        23.549601429475153
       ],
       [
        85.4393891118053,
        23.584203692906126
       ],
       [
        85.41763850851332,
        23.63198393584053
       ],
       [
        85.4265658123476,
        23.6693908480953
       ],
       [
        85.4988877942004,
        23.725559645961777
       ],
       [
        85.55525727839327,
        23.7181319848785
       ],
       [
        85.55462015353768,
        23.752099064137845
       ],
       [
        85.60788003329212,
        23.79619976165998
       ],
       [
        85.63789667441016,
        23.809703424946186
       ],
       [
        85.66603131750007,
        23.770341356006703
       ],
       [
        85.69773659007788,
        23.7626705363542
       ],
       [
        85.70554849179129,
        23.714302174569344
       ],
       [
        85.6609956729976,
        23.665029143981116
       ],
       [
        85.61227843295532,
        23.6426913564556
       ],
       [
        85.6165948530371,
        23.63263981154374
       ]
      ]
     ],
     [
      [
       [
        85.12641736395778,
        23.594348188523092
       ],
       [
        85.10020378568873,
        23.58425642458214
       ],
       [
        85.02597786207905,
        23.591319247311983
       ],
       [
        84.97920192853246,
        23.665727652558616
       ],
       [
        84.99348593166997,
        23.70724711989981
       ],
       [
        85.02817830531865,
        23.721606027818623
       ],
       [
        85.05340663614504,
        23.754509494500468
       ],
       [
        85.09827634436813,
        23.756545907275207
       ],
       [
        85.14304131138033,
        23.737192945130893
       ],
       [
        85.17205671724749,
        23.702200418578666
       ],
       [
        85.16980687097131,
        23.658689860233743
       ],
       [
        85.15668821953604,
        23.620035485336814
       ],
       [
        85.12641736395778,
        23.594348188523092
       ]
      ]
     ]
    ]
   }
  },
  {
   "type": "Feature",
   "id": "koderma",
   "properties": {
    "state": "Jharkhand",
    "district": "Koderma",
    "headquarters": "Jhumri Telaiya",
    "fullName": "Jharkhand / Koderma District",
    "population": 716259,
    "blockCount": 2,
    "area_sqkm": 547.7,
    "bbox": [
     85.3596,
     24.335,
     85.7214,
     24.5933
    ]
   },
   "geometry": {
    "type": "MultiPolygon",
    "coordinates": [
     [
      [
       [
        85.7171909093279,
        24.393560893062492
       ],
       [
        85.69076256612158,
        24.36094883722576
       ],
       [
        85.64581266374017,
        24.334976336867157
       ],
       [
        85.60583122608972,
        24.35272269477125
       ],
       [
        85.56801616538645,
        24.355098776987646
       ],
       [
        85.53208052926296,
        24.424756791467942
       ],
       [
        85.53687464563848,
        24.472538897285876
       ],
       [
        85.5685426847248,
        24.50957452948986
       ],
       [
        85.61314124630354,
        24.52625014641419
       ],
       [
        85.65995205925914,
        24.526069136722953
       ],
       [
        85.71521285000543,
        24.466207409828076
       ],
       [
        85.72142443073332,
        24.42968037125092
       ],
       [
        85.7171909093279,
        24.393560893062492
       ]
      ]
     ],
     [
      [
       [
        85.45840321830656,
        24.44160489832597
       ],
       [
        85.42109902520755,
        24.4335676971159
       ],
       [
        85.36560585414902,
        24.473121222125787
       ],
       [
        85.37160264605753,
        24.505593857418134
       ],
       [
        85.359578246341,
        24.542937919806622
       ],
       [
        85.39735493311254,
        24.563872633845957
       ],
       [
        85.42775273420337,
        24.59329843390178
       ],
       [
        85.48620592484042,
        24.561992301470212
       ],
       [
        85.50435459213773,
        24.54071915054664
       ],
       [
        85.51540892526866,
        24.4680060377892
       ],
       [
        85.45840321830656,
        24.44160489832597
       ]
      ]
     ]
    ]
   }
  },
  {
   "type": "Feature",
   "id": "giridih",
   "properties": {
    "state": "Jharkhand",
    "district": "Giridih",
    "headquarters": "Giridih",
    "fullName": "Jharkhand / Giridih District",
    "population": 2445474,
    "blockCount": 3,
    "area_sqkm": 953.8,
    "bbox": [
     85.9562,
     23.9597,
     86.3933,
     24.3669
    ]
   },
   "geometry": {
    "type": "MultiPolygon",
    "coordinates": [
     [
      [
       [
        86.14082744060279,
        24.014648415747704
       ],
       [
        86.11237866231987,
        23.968353567817168
       ],
       [
        86.02547957113252,
        23.959698751118722
       ],
       [
        85.97322281945753,
        24.014767135675044
       ],
       [
        85.95624065270512,
        24.05216658776047
       ],
       [
        85.96626256660154,
        24.09365499273278
       ],
       [
        86.02355441171778,
        24.139486564233493
       ],
       [
        86.06463811744369,
        24.14681504479423
       ],
       [
        86.11134131011711,
        24.123435470955467
       ],
       [
        86.14343962221274,
        24.05460049947159
       ],
       [
        86.14082744060279,
        24.014648415747704
       ]
      ]
     ],
     [
      [
       [
        86.32023913908036,
        24.078777691224005
       ],
       [
        86.20704508996526,
        24.134590325531303
       ],
       [
        86.20242527235919,
        24.183224076467013
       ],
       [
        86.22897192348773,
        24.213509262773556
       ],
       [
        86.23725330213733,
        24.252855984928406
       ],
       [
        86.27946021882242,
        24.28051483435742
       ],
       [
        86.32265796867408,
        24.278590498236486
       ],
       [
        86.35677990051218,
        24.260541680443513
       ],
       [
        86.39332101019649,
        24.22399346153085
       ],
       [
        86.38161205720488,
        24.174059874076487
       ],
       [
        86.38792641748272,
        24.142007314712504
       ],
       [
        86.32023913908036,
        24.078777691224005
       ]
      ]
     ],
     [
      [
       [
        86.1287541675978,
        24.18708330291981
       ],
       [
        86.04875428740456,
        24.217036799469525
       ],
       [
        86.01661687242124,
        24.24094296004404
       ],
       [
        85.99854055661778,
        24.279686194380645
       ],
       [
        86.02010187486607,
        24.318560284945487
       ],
       [
        86.07865871424626,
        24.366941812137714
       ],
       [
        86.12214207732268,
        24.362558788522165
       ],
       [
        86.14857053683508,
        24.349853399940905
       ],
       [
        86.18269594060608,
        24.315634039751384
       ],
       [
        86.19602656266991,
        24.276159698418656
       ],
       [
        86.16417422076091,
        24.20761223248028
       ],
       [
        86.1287541675978,
        24.18708330291981
       ]
      ]
     ]
    ]
   }
  },
  {
   "type": "Feature",
   "id": "bokaro",
   "properties": {
    "state": "Jharkhand",
    "district": "Bokaro",
    "headquarters": "Bokaro Steel City",
    "fullName": "Jharkhand / Bokaro District",
    "population": 2062262,
    "blockCount": 5,
    "area_sqkm": 1032.8,
    "bbox": [
     85.7584,
     23.5157,
     86.2312,
     24.022
    ]
   },
   "geometry": {
    "type": "MultiPolygon",
    "coordinates": [
     [
      [
       [
        86.18556326863666,
        23.528444394528186
       ],
       [
        86.14386219747499,
        23.51570604987287
       ],
       [
        86.05359642498485,
        23.56120601131562
       ],
       [
        86.04215432309145,
        23.605529460970885
       ],
       [
        86.0805548431449,
        23.66536171393625
       ],
       [
        86.07435841147372,
        23.704621907901554
       ],
       [
        86.10000062293095,
        23.73021998230691
       ],
       [
        86.13356792088877,
        23.7461922834748
       ],
       [
        86.17330558221072,
        23.746077149183854
       ],
       [
        86.23123812550618,
        23.712596263871824
       ],
       [
        86.20478315874465,
        23.62631225590057
       ],
       [
        86.21049064316111,
        23.59419344115781
       ],
       [
        86.18556326863666,
        23.528444394528186
       ]
      ]
     ],
     [
      [
       [
        85.8340503458759,
        23.714498865648384
       ],
       [
        85.7878950730631,
        23.71738186300964
       ],
       [
        85.76260665428204,
        23.79555009769991
       ],
       [
        85.76456123836587,
        23.844548471688636
       ],
       [
        85.78529994814377,
        23.86731532830221
       ],
       [
        85.75841407649011,
        23.974398724500837
       ],
       [
        85.79636479433164,
        23.98869857417845
       ],
       [
        85.82671202311941,
        24.022001717181563
       ],
       [
        85.86728687417643,
        24.018785443141052
       ],
       [
        85.91315618809715,
        23.99883386276541
       ],
       [
        85.93211307931868,
        23.9258278085516
       ],
       [
        85.92769470698349,
        23.8929764704636
       ],
       [
        85.91506209392644,
        23.881172027459886
       ],
       [
        85.97560132583206,
        23.868656456651433
       ],
       [
        85.98076789345042,
        23.832504508782183
       ],
       [
        85.99746150314932,
        23.80401333872179
       ],
       [
        85.99198164559292,
        23.767678543875313
       ],
       [
        85.96611404052818,
        23.74123561789037
       ],
       [
        85.93210776336446,
        23.72126610527266
       ],
       [
        85.89880239255963,
        23.71542548349822
       ],
       [
        85.89217060656436,
        23.720684189676668
       ],
       [
        85.87357085570306,
        23.699243526908024
       ],
       [
        85.8340503458759,
        23.714498865648384
       ]
      ]
     ]
    ]
   }
  },
  {
   "type": "Feature",
   "id": "dhanbad",
   "properties": {
    "state": "Jharkhand",
    "district": "Dhanbad",
    "headquarters": "Dhanbad",
    "fullName": "Jharkhand / Dhanbad District",
    "population": 2684483,
    "blockCount": 3,
    "area_sqkm": 728.1,
    "bbox": [
     86.3328,
     23.5831,
     86.7921,
     23.8972
    ]
   },
   "geometry": {
    "type": "MultiPolygon",
    "coordinates": [
     [
      [
       [
        86.79209586286447,
        23.63352978896116
       ],
       [
        86.74852208149548,
        23.618123693579268
       ],
       [
        86.73010613308318,
        23.583129473286817
       ],
       [
        86.65174249345912,
        23.60954529120969
       ],
       [
        86.62504328158053,
        23.64048017362723
       ],
       [
        86.60871970670537,
        23.674450904809657
       ],
       [
        86.61874945489612,
        23.72497937667139
       ],
       [
        86.64182346374511,
        23.76088536668518
       ],
       [
        86.67444401023876,
        23.7791438615136
       ],
       [
        86.71591893216976,
        23.7665932549454
       ],
       [
        86.78697468194903,
        23.72013451129492
       ],
       [
        86.779842318055,
        23.68219544636173
       ],
       [
        86.79209586286447,
        23.63352978896116
       ]
      ]
     ],
     [
      [
       [
        86.48972075137682,
        23.692437649412618
       ],
       [
        86.46974843155131,
        23.67309816555556
       ],
       [
        86.43952008469866,
        23.660933054279063
       ],
       [
        86.40447913947466,
        23.657986017870932
       ],
       [
        86.3741008494573,
        23.668127406061693
       ],
       [
        86.33279136606488,
        23.73442444054245
       ],
       [
        86.35191861757305,
        23.76100914407563
       ],
       [
        86.36291113912436,
        23.797004410307338
       ],
       [
        86.35859194992179,
        23.834480567967347
       ],
       [
        86.37052819409573,
        23.874163829680548
       ],
       [
        86.42423992278765,
        23.895164936767603
       ],
       [
        86.465441112849,
        23.897172489404202
       ],
       [
        86.49282770677573,
        23.862325938936156
       ],
       [
        86.52965723101356,
        23.841343350421802
       ],
       [
        86.53831189973306,
        23.802965181154722
       ],
       [
        86.52412665669063,
        23.76681272469436
       ],
       [
        86.497071806706,
        23.749364878076786
       ],
       [
        86.51038561301607,
        23.737206778556743
       ],
       [
        86.48972075137682,
        23.692437649412618
       ]
      ]
     ]
    ]
   }
  },
  {
   "type": "Feature",
   "id": "deoghar",
   "properties": {
    "state": "Jharkhand",
    "district": "Deoghar",
    "headquarters": "Deoghar",
    "fullName": "Jharkhand / Deoghar District",
    "population": 1492073,
    "blockCount": 2,
    "area_sqkm": 594.2,
    "bbox": [
     86.6096,
     24.398,
     86.9266,
     24.7433
    ]
   },
   "geometry": {
    "type": "MultiPolygon",
    "coordinates": [
     [
      [
       [
        86.78985847218442,
        24.4389338733585
       ],
       [
        86.75400287982642,
        24.41062649450955
       ],
       [
        86.72439927052463,
        24.398951820626273
       ],
       [
        86.67800859474151,
        24.3980176673407
       ],
       [
        86.64055854210451,
        24.413449101711258
       ],
       [
        86.60959891393496,
        24.473158619864677
       ],
       [
        86.62595385820163,
        24.512914585256745
       ],
       [
        86.65471644637536,
        24.54334193065416
       ],
       [
        86.67103708042522,
        24.57715598859578
       ],
       [
        86.75297372949309,
        24.5558984921517
       ],
       [
        86.7898720910143,
        24.524344501275003
       ],
       [
        86.78099476679584,
        24.486066312724986
       ],
       [
        86.78985847218442,
        24.4389338733585
       ]
      ]
     ],
     [
      [
       [
        86.91894037773469,
        24.60343609545066
       ],
       [
        86.89116764673275,
        24.583047690685873
       ],
       [
        86.77478662906819,
        24.569350177717283
       ],
       [
        86.7439444681155,
        24.65503872127436
       ],
       [
        86.75139713393041,
        24.693361322290226
       ],
       [
        86.766605189076,
        24.71833798072884
       ],
       [
        86.81281242522238,
        24.74326409837667
       ],
       [
        86.8898491366384,
        24.72672971657008
       ],
       [
        86.92660457621818,
        24.64817143018247
       ],
       [
        86.91894037773469,
        24.60343609545066
       ]
      ]
     ]
    ]
   }
  },
  {
   "type": "Feature",
   "id": "ranchi",
   "properties": {
    "state": "Jharkhand",
    "district": "Ranchi",
    "headquarters": "Ranchi",
    "fullName": "Jharkhand / Ranchi District",
    "population": 2914253,
    "blockCount": 3,
    "area_sqkm": 648.7,
    "bbox": [
     85.2278,
     23.1738,
     85.5645,
     23.4278
    ]
   },
   "geometry": {
    "type": "Polygon",
    "coordinates": [
     [
      [
       85.42152185255348,
       23.31886706189223
      ],
      [
       85.49773045548618,
       23.331177723144986
      ],
      [
       85.53270035210075,
       23.3253284078284
      ],
      [
       85.54134737665808,
       23.285405484219716
      ],
      [
       85.56445021377903,
       23.252588159702608
      ],
      [
       85.55371553126201,
       23.21293208516902
      ],
      [
       85.53265522111359,
       23.17899278971014
      ],
      [
       85.50349123126047,
       23.173847944310754
      ],
      [
       85.42255601239962,
       23.180455813487857
      ],
      [
       85.41673754649845,
       23.214861988060505
      ],
      [
       85.37531679083733,
       23.18230893079972
      ],
      [
       85.29661816334428,
       23.20666939324359
      ],
      [
       85.2727358654063,
       23.271773009765322
      ],
      [
       85.23589973626456,
       23.310974851948984
      ],
      [
       85.22783516208854,
       23.342648002277237
      ],
      [
       85.23033498144888,
       23.381281180740555
      ],
      [
       85.29278282285038,
       23.421976186004045
      ],
      [
       85.32305069119099,
       23.42783484175419
      ],
      [
       85.36446896202901,
       23.413717939883938
      ],
      [
       85.3982477382732,
       23.388475831452308
      ],
      [
       85.39519226207122,
       23.327581225312354
      ],
      [
       85.41774819135954,
       23.310866551622198
      ],
      [
       85.42152185255348,
       23.31886706189223
      ]
     ]
    ]
   }
  },
  {
   "type": "Feature",
   "id": "visakhapatnam",
   "properties": {
    "state": "Andhra Pradesh",
    "district": "Visakhapatnam",
    "headquarters": "Visakhapatnam",
    "fullName": "Andhra Pradesh / Visakhapatnam District",
    "population": 4420146,
    "blockCount": 4,
    "area_sqkm": 1144.2,
    "bbox": [
     82.7805,
     17.5041,
     83.3883,
     17.8729
    ]
   },
   "geometry": {
    "type": "MultiPolygon",
    "coordinates": [
     [
      [
       [
        83.02525473508555,
        17.679722777491204
       ],
       [
        83.06687327884416,
        17.667982958855646
       ],
       [
        83.08747193831474,
        17.636380567306947
       ],
       [
        83.06497889243751,
        17.519249835685386
       ],
       [
        83.01570573670735,
        17.504132036420224
       ],
       [
        82.94851996175353,
        17.52194848608935
       ],
       [
        82.9185420184519,
        17.553296185460944
       ],
       [
        82.90900077345546,
        17.58653132239665
       ],
       [
        82.84620250064239,
        17.580522389724983
       ],
       [
        82.80581089826175,
        17.588404082108845
       ],
       [
        82.7805068549768,
        17.670104453535398
       ],
       [
        82.78500974011999,
        17.71573125442946
       ],
       [
        82.8006808270919,
        17.761484910904592
       ],
       [
        82.8931577793822,
        17.77622435924384
       ],
       [
        82.94515636687579,
        17.75621283349292
       ],
       [
        82.96844803330956,
        17.674849599065734
       ],
       [
        82.97820398524637,
        17.681971038658503
       ],
       [
        83.02525473508555,
        17.679722777491204
       ]
      ]
     ],
     [
      [
       [
        83.27079013114137,
        17.622530284854
       ],
       [
        83.24344510298442,
        17.60626093741043
       ],
       [
        83.16128532023727,
        17.616728590296308
       ],
       [
        83.12986425766236,
        17.685436094788898
       ],
       [
        83.1434783340205,
        17.733366471187686
       ],
       [
        83.16343851928654,
        17.75236233542713
       ],
       [
        83.23562213915793,
        17.78015181530315
       ],
       [
        83.22705249157394,
        17.829439819898884
       ],
       [
        83.29166040669561,
        17.872909111968468
       ],
       [
        83.33243436472642,
        17.87044334385768
       ],
       [
        83.37859320499804,
        17.822782133719315
       ],
       [
        83.38831777154675,
        17.78759188204581
       ],
       [
        83.3701293316545,
        17.72552095138837
       ],
       [
        83.31065071868905,
        17.71083621065975
       ],
       [
        83.2940930294885,
        17.648476893670125
       ],
       [
        83.27079013114137,
        17.622530284854
       ]
      ]
     ]
    ]
   }
  },
  {
   "type": "Feature",
   "id": "vizianagaram",
   "properties": {
    "state": "Andhra Pradesh",
    "district": "Vizianagaram",
    "headquarters": "Vizianagaram",
    "fullName": "Andhra Pradesh / Vizianagaram District",
    "population": 2330000,
    "blockCount": 2,
    "area_sqkm": 485.5,
    "bbox": [
     83.2695,
     18.0121,
     83.5041,
     18.2834
    ]
   },
   "geometry": {
    "type": "Polygon",
    "coordinates": [
     [
      [
       83.46554767383866,
       18.180600522222704
      ],
      [
       83.49387278905579,
       18.143369395192227
      ],
      [
       83.50414720023946,
       18.11416698555943
      ],
      [
       83.50074253991896,
       18.065863264540305
      ],
      [
       83.4774565354727,
       18.032110449682353
      ],
      [
       83.43009447277778,
       18.012101423254258
      ],
      [
       83.35909358440627,
       18.04798008169015
      ],
      [
       83.3341003930352,
       18.07676658883217
      ],
      [
       83.33567803969922,
       18.115076011994276
      ],
      [
       83.28995148955457,
       18.134684320489885
      ],
      [
       83.26947627606849,
       18.167647846317255
      ],
      [
       83.28427578068492,
       18.228526866895535
      ],
      [
       83.32633776827548,
       18.283419444627604
      ],
      [
       83.3729987507537,
       18.279667308679706
      ],
      [
       83.39951141080374,
       18.261406758207485
      ],
      [
       83.44188627190066,
       18.204552693802256
      ],
      [
       83.42911372291607,
       18.18936420949253
      ],
      [
       83.46554767383866,
       18.180600522222704
      ]
     ]
    ]
   }
  },
  {
   "type": "Feature",
   "id": "shimla",
   "properties": {
    "state": "Himachal Pradesh",
    "district": "Shimla",
    "headquarters": "Shimla",
    "fullName": "Himachal Pradesh / Shimla District",
    "population": 814010,
    "blockCount": 6,
    "area_sqkm": 1730.9,
    "bbox": [
     76.9534,
     30.8056,
     77.8438,
     31.37
    ]
   },
   "geometry": {
    "type": "MultiPolygon",
    "coordinates": [
     [
      [
       [
        77.62563593026138,
        30.805646644120106
       ],
       [
        77.52880828152135,
        30.811016231337316
       ],
       [
        77.49539083590885,
        30.85484840493454
       ],
       [
        77.51470475121238,
        30.895437155801076
       ],
       [
        77.50615822025752,
        30.93884454658898
       ],
       [
        77.54191793361136,
        30.976593979281112
       ],
       [
        77.62929900074674,
        31.00464675819041
       ],
       [
        77.66034788327883,
        30.988811681438662
       ],
       [
        77.68406311234322,
        30.935613008560935
       ],
       [
        77.68843039501894,
        30.906353223831335
       ],
       [
        77.66854736733559,
        30.8198424227208
       ],
       [
        77.62563593026138,
        30.805646644120106
       ]
      ]
     ],
     [
      [
       [
        77.03004804333382,
        30.932568194501023
       ],
       [
        76.95344389127567,
        31.028011587229475
       ],
       [
        76.95821006452759,
        31.06720874187486
       ],
       [
        77.02600828294746,
        31.128549866258574
       ],
       [
        77.09083862569216,
        31.098021621914928
       ],
       [
        77.11932488445653,
        31.155775525426282
       ],
       [
        77.18215742900195,
        31.17763912266143
       ],
       [
        77.22272583091055,
        31.16467621974736
       ],
       [
        77.24523523799276,
        31.102866866065213
       ],
       [
        77.22216137834234,
        31.032738646302185
       ],
       [
        77.14068674622558,
        31.02075320864655
       ],
       [
        77.1320451619913,
        30.992918924466586
       ],
       [
        77.10236240198422,
        30.961615760751116
       ],
       [
        77.03004804333382,
        30.932568194501023
       ]
      ]
     ],
     [
      [
       [
        77.77372278254342,
        31.107648043750697
       ],
       [
        77.72332654532808,
        31.11434807883878
       ],
       [
        77.6900415008677,
        31.13338344586217
       ],
       [
        77.64570932025524,
        31.200523461394972
       ],
       [
        77.68030610600587,
        31.278120804063057
       ],
       [
        77.73074229155985,
        31.309056800834203
       ],
       [
        77.77463665035665,
        31.309458043466496
       ],
       [
        77.84382377200517,
        31.250129663403648
       ],
       [
        77.83394155531019,
        31.15197704768463
       ],
       [
        77.81000535447924,
        31.123847640417107
       ],
       [
        77.77372278254342,
        31.107648043750697
       ]
      ]
     ],
     [
      [
       [
        77.34823463072568,
        31.143510084633377
       ],
       [
        77.3135698751548,
        31.161592540232387
       ],
       [
        77.27989318906964,
        31.204647302982014
       ],
       [
        77.29477507686933,
        31.283716513953454
       ],
       [
        77.37599476998545,
        31.323759509574394
       ],
       [
        77.38656019557759,
        31.349566521321922
       ],
       [
        77.43153049794273,
        31.36997969717712
       ],
       [
        77.47949964447504,
        31.365310624638706
       ],
       [
        77.52798818464858,
        31.304333624931072
       ],
       [
        77.5411525305184,
        31.276338147913474
       ],
       [
        77.53672924227321,
        31.234648418785124
       ],
       [
        77.51262014827047,
        31.190009103410812
       ],
       [
        77.47834697965367,
        31.17569385005552
       ],
       [
        77.38808691102456,
        31.164269440995707
       ],
       [
        77.34823463072568,
        31.143510084633377
       ]
      ]
     ]
    ]
   }
  },
  {
   "type": "Feature",
   "id": "solan",
   "properties": {
    "state": "Himachal Pradesh",
    "district": "Solan",
    "headquarters": "Solan",
    "fullName": "Himachal Pradesh / Solan District",
    "population": 676318,
    "blockCount": 2,
    "area_sqkm": 635.4,
    "bbox": [
     76.8921,
     30.8071,
     77.1914,
     31.2473
    ]
   },
   "geometry": {
    "type": "MultiPolygon",
    "coordinates": [
     [
      [
       [
        77.1572799362666,
        30.817363827097584
       ],
       [
        77.12317482699166,
        30.807076589959873
       ],
       [
        77.04545112849368,
        30.840265809675362
       ],
       [
        77.01824470407799,
        30.866082574133248
       ],
       [
        77.0122081821728,
        30.90245432046278
       ],
       [
        77.01891020842453,
        30.933544998151195
       ],
       [
        77.04031982920672,
        30.966722584349867
       ],
       [
        77.07792440191383,
        30.998244238951024
       ],
       [
        77.12037533974255,
        30.995856402110515
       ],
       [
        77.16873095817118,
        30.976084482139118
       ],
       [
        77.19138712050005,
        30.89541414359823
       ],
       [
        77.1572799362666,
        30.817363827097584
       ]
      ]
     ],
     [
      [
       [
        77.03323844930141,
        31.0771469089819
       ],
       [
        77.00305338196279,
        31.0520183559943
       ],
       [
        76.96565951727779,
        31.07381788280373
       ],
       [
        76.92299181454261,
        31.068342609884688
       ],
       [
        76.89989116916502,
        31.10974091364617
       ],
       [
        76.89208977587458,
        31.187284965989495
       ],
       [
        76.9224017294199,
        31.226926687836052
       ],
       [
        76.95266919863573,
        31.24727410742697
       ],
       [
        77.00061977441435,
        31.24339110969469
       ],
       [
        77.04350613820573,
        31.22369567739467
       ],
       [
        77.07880502728456,
        31.149684863303285
       ],
       [
        77.03323844930141,
        31.0771469089819
       ]
      ]
     ]
    ]
   }
  },
  {
   "type": "Feature",
   "id": "kinnaur",
   "properties": {
    "state": "Himachal Pradesh",
    "district": "Kinnaur",
    "headquarters": "Reckong Peo",
    "fullName": "Himachal Pradesh / Kinnaur District",
    "population": 84671,
    "blockCount": 2,
    "area_sqkm": 554.8,
    "bbox": [
     77.9005,
     31.3013,
     78.3554,
     31.6124
    ]
   },
   "geometry": {
    "type": "MultiPolygon",
    "coordinates": [
     [
      [
       [
        78.0550386293171,
        31.328837118915096
       ],
       [
        77.97111807521163,
        31.30129224690192
       ],
       [
        77.95059559182533,
        31.333388902237886
       ],
       [
        77.91027872690078,
        31.36237225727896
       ],
       [
        77.90048106646559,
        31.405460765266216
       ],
       [
        77.91241694650087,
        31.43645148652166
       ],
       [
        77.9719582690932,
        31.4944648286579
       ],
       [
        78.02609761772212,
        31.486313408113443
       ],
       [
        78.0856327566337,
        31.438705387705824
       ],
       [
        78.08788469052482,
        31.399756611125994
       ],
       [
        78.0550386293171,
        31.328837118915096
       ]
      ]
     ],
     [
      [
       [
        78.28598366795532,
        31.444627804461298
       ],
       [
        78.2500015340773,
        31.46202007584403
       ],
       [
        78.21549530969011,
        31.456954206943195
       ],
       [
        78.20822227882338,
        31.496991873955984
       ],
       [
        78.18818403801507,
        31.529480036569524
       ],
       [
        78.20176669055556,
        31.568924264736996
       ],
       [
        78.22257013429491,
        31.599054996139795
       ],
       [
        78.24539936725388,
        31.612375260940777
       ],
       [
        78.28482667738443,
        31.60716586204496
       ],
       [
        78.32125168389861,
        31.59146507737472
       ],
       [
        78.35542821909662,
        31.563101427900463
       ],
       [
        78.32306644551383,
        31.462302569209225
       ],
       [
        78.28598366795532,
        31.444627804461298
       ]
      ]
     ]
    ]
   }
  },
  {
   "type": "Feature",
   "id": "uttarkashi",
   "properties": {
    "state": "Uttarakhand",
    "district": "Uttarkashi",
    "headquarters": "Uttarkashi",
    "fullName": "Uttarakhand / Uttarkashi District",
    "population": 330086,
    "blockCount": 3,
    "area_sqkm": 838.2,
    "bbox": [
     78.1673,
     30.6444,
     78.7022,
     30.897
    ]
   },
   "geometry": {
    "type": "MultiPolygon",
    "coordinates": [
     [
      [
       [
        78.51471133755514,
        30.68775481009262
       ],
       [
        78.45934253775881,
        30.65530308766517
       ],
       [
        78.41367324550372,
        30.644351510442867
       ],
       [
        78.35907481655424,
        30.694456351105117
       ],
       [
        78.34373466181717,
        30.733245979064375
       ],
       [
        78.35151230586817,
        30.767338971759848
       ],
       [
        78.37214392210984,
        30.80311123684575
       ],
       [
        78.46274016652208,
        30.813096521087484
       ],
       [
        78.50803827043116,
        30.80606541494118
       ],
       [
        78.52203190109914,
        30.731492890465354
       ],
       [
        78.51471133755514,
        30.68775481009262
       ]
      ]
     ],
     [
      [
       [
        78.29367430488111,
        30.742449028187274
       ],
       [
        78.27312505039434,
        30.711647849013048
       ],
       [
        78.23180456209874,
        30.717524070686853
       ],
       [
        78.20398422511423,
        30.744636520355616
       ],
       [
        78.16733332261475,
        30.762597815306602
       ],
       [
        78.17828765905905,
        30.83883268019226
       ],
       [
        78.20456300417642,
        30.864725139057544
       ],
       [
        78.26943625227959,
        30.882261178510777
       ],
       [
        78.33032008031373,
        30.841310761679836
       ],
       [
        78.33921953302543,
        30.798799892009086
       ],
       [
        78.32775199532627,
        30.767850019606925
       ],
       [
        78.29367430488111,
        30.742449028187274
       ]
      ]
     ],
     [
      [
       [
        78.65619356405954,
        30.725539670867523
       ],
       [
        78.61543441933081,
        30.70535674886409
       ],
       [
        78.54351165602668,
        30.71845529169377
       ],
       [
        78.52021264119698,
        30.76599388031332
       ],
       [
        78.51564686001956,
        30.79847291551318
       ],
       [
        78.52295313532835,
        30.833098044133898
       ],
       [
        78.58092050647802,
        30.89703635832081
       ],
       [
        78.61464179354851,
        30.89196984395358
       ],
       [
        78.65648130878915,
        30.862043628598176
       ],
       [
        78.6703595730432,
        30.83404398133908
       ],
       [
        78.70224711389126,
        30.8003775037937
       ],
       [
        78.668604569257,
        30.76112637039716
       ],
       [
        78.65619356405954,
        30.725539670867523
       ]
      ]
     ]
    ]
   }
  }
 ]
}