{
 "type": "FeatureCollection",
 "features": [
  {
   "type": "Feature",
   "id": "patna_patna_sadar",
   "properties": {
    "state": "Bihar",
    "district": "Patna",
    "block": "Patna Sadar",
    "fullName": "Bihar / Patna / Patna Sadar Block",
    "population": 450000,
    "area_sqkm": 180.2,
    "centroid": [
     85.15,
     25.61
    ],
    "bbox": [
     85.0827,
     25.534,
     85.2281,
     25.6819
    ]
   },
   "geometry": {
    "type": "Polygon",
    "coordinates": [
     [
      [
       85.22809370650641,
       25.615551257522753
      ],
      [
       85.18975324598308,
       25.66479499927965
      ],
      [
       85.13606992250091,
       25.68185359326634
      ],
      [
       85.08510129872887,
       25.63665462138049
      ],
      [
       85.08272624794749,
       25.61146261723786
      ],
      [
       85.10743202646137,
       25.56119791989112
      ],
      [
       85.13652625809905,
       25.534025277779925
      ],
      [
       85.16921950333015,
       25.535766424881643
      ],
      [
       85.19556850593028,
       25.55231295596539
      ],
      [
       85.22809370650641,
       25.615551257522753
      ]
     ]
    ]
   }
  },
  {
   "type": "Feature",
   "id": "patna_danapur",
   "properties": {
    "state": "Bihar",
    "district": "Patna",
    "block": "Danapur",
    "fullName": "Bihar / Patna / Danapur Block",
    "population": 380000,
    "area_sqkm": 247.4,
    "centroid": [
     85.04,
     25.63
    ],
    "bbox": [
     84.9566,
     25.5477,
     85.13,
     25.7095
    ]
   },
   "geometry": {
    "type": "Polygon",
    "coordinates": [
     [
      [
       85.13004871607663,
       25.62509638386933
      ],
      [
       85.12221139927159,
       25.670992957551945
      ],
      [
       85.09247246452944,
       25.703285434865606
      ],
      [
       85.05826312074316,
       25.69953712128751
      ],
      [
       85.01935592216087,
       25.709525895793433
      ],
      [
       84.98713112836543,
       25.697087098190277
      ],
      [
       84.95657701632679,
       25.66391965974414
      ],
      [
       84.96849000228198,
       25.629257719451225
      ],
      [
       84.96854789960706,
       25.58835453400092
      ],
      [
       84.99459834751828,
       25.57764567366318
      ],
      [
       85.01570947523165,
       25.547674019085452
      ],
      [
       85.05621638018779,
       25.549873478095883
      ],
      [
       85.13004871607663,
       25.62509638386933
      ]
     ]
    ]
   }
  },
  {
   "type": "Feature",
   "id": "patna_phulwari_sharif",
   "properties": {
    "state": "Bihar",
    "district": "Patna",
    "block": "Phulwari Sharif",
    "fullName": "Bihar / Patna / Phulwari Sharif Block",
    "population": 320000,
    "area_sqkm": 163.0,
    "centroid": [
     85.08,
     25.57
    ],
    "bbox": [
     85.0115,
     25.5043,
     85.146,
     25.6458
    ]
   },
   "geometry": {
    "type": "Polygon",
    "coordinates": [
     [
      [
       85.14596900074613,
       25.568022271811504
      ],
      [
       85.12293832597484,
       25.618555914229223
      ],
      [
       85.05808365070202,
       25.645757991539377
      ],
      [
       85.03812258667669,
       25.62994697901997
      ],
      [
       85.0236420649156,
       25.59952306985537
      ],
      [
       85.0114857971532,
       25.53424308681011
      ],
      [
       85.06559664870682,
       25.507749030481676
      ],
      [
       85.0976751043687,
       25.504297805616623
      ],
      [
       85.11874795870735,
       25.520426087599702
      ],
      [
       85.14596900074613,
       25.568022271811504
      ]
     ]
    ]
   }
  },
  {
   "type": "Feature",
   "id": "patna_bihta",
   "properties": {
    "state": "Bihar",
    "district": "Patna",
    "block": "Bihta",
    "fullName": "Bihar / Patna / Bihta Block",
    "population": 290000,
    "area_sqkm": 294.8,
    "centroid": [
     84.87,
     25.56
    ],
    "bbox": [
     84.7851,
     25.4617,
     84.9521,
     25.656
    ]
   },
   "geometry": {
    "type": "Polygon",
    "coordinates": [
     [
      [
       84.95206344661467,
       25.525618377610453
      ],
      [
       84.94946360783227,
       25.60132343453893
      ],
      [
       84.92687166009806,
       25.625023178820673
      ],
      [
       84.8500958300632,
       25.656013490388087
      ],
      [
       84.81001118679487,
       25.629255649550448
      ],
      [
       84.78596220814262,
       25.59664229196742
      ],
      [
       84.78507962129311,
       25.51665074925679
      ],
      [
       84.82451807794794,
       25.496469961726433
      ],
      [
       84.84024967423225,
       25.461667944915405
      ],
      [
       84.89056798308005,
       25.472364553214078
      ],
      [
       84.95206344661467,
       25.525618377610453
      ]
     ]
    ]
   }
  },
  {
   "type": "Feature",
   "id": "patna_bakhtiarpur",
   "properties": {
    "state": "Bihar",
    "district": "Patna",
    "block": "Bakhtiarpur",
    "fullName": "Bihar / Patna / Bakhtiarpur Block",
    "population": 240000,
    "area_sqkm": 241.6,
    "centroid": [
     85.52,
     25.45
    ],
    "bbox": [
     85.4407,
     25.3753,
     85.5958,
     25.5307
    ]
   },
   "geometry": {
    "type": "Polygon",
    "coordinates": [
     [
      [
       85.59579252040308,
       25.45167614079084
      ],
      [
       85.58942529652255,
       25.49043838057021
      ],
      [
       85.57309595657732,
       25.50841650691572
      ],
      [
       85.53768836736306,
       25.527882807643387
      ],
      [
       85.50299041527708,
       25.530662083488917
      ],
      [
       85.46908579153951,
       25.52039628986082
      ],
      [
       85.44070614794121,
       25.482358929776062
      ],
      [
       85.44208415743469,
       25.410739288961334
      ],
      [
       85.5036597535505,
       25.375327603600486
      ],
      [
       85.5699531389624,
       25.380766078055917
      ],
      [
       85.58811063811137,
       25.413981749103122
      ],
      [
       85.59579252040308,
       25.45167614079084
      ]
     ]
    ]
   }
  },
  {
   "type": "Feature",
   "id": "patna_barh",
   "properties": {
    "state": "Bihar",
    "district": "Patna",
    "block": "Barh",
    "fullName": "Bihar / Patna / Barh Block",
    "population": 280000,
    "area_sqkm": 274.3,
    "centroid": [
     85.71,
     25.48
    ],
    "bbox": [
     85.6266,
     25.4029,
     85.7942,
     25.5665
    ]
   },
   "geometry": {
    "type": "Polygon",
    "coordinates": [
     [
      [
       85.79421866653807,
       25.486513379174678
      ],
      [
       85.7741076184664,
       25.551125131343493
      ],
      [
       85.72990797198992,
       25.564979918548918
      ],
      [
       85.68336607156981,
       25.56649523788011
      ],
      [
       85.65506825321198,
       25.55769731733594
      ],
      [
       85.62656979679011,
       25.48411868265121
      ],
      [
       85.62982996063096,
       25.444173076305972
      ],
      [
       85.69415508631303,
       25.402885908295683
      ],
      [
       85.77492632499647,
       25.41019652715119
      ],
      [
       85.7870287397147,
       25.437457890816187
      ],
      [
       85.79421866653807,
       25.486513379174678
      ]
     ]
    ]
   }
  },
  {
   "type": "Feature",
   "id": "patna_masaurhi",
   "properties": {
    "state": "Bihar",
    "district": "Patna",
    "block": "Masaurhi",
    "fullName": "Bihar / Patna / Masaurhi Block",
    "population": 260000,
    "area_sqkm": 313.4,
    "centroid": [
     85.02,
     25.35
    ],
    "bbox": [
     84.9188,
     25.2512,
     85.1157,
     25.4335
    ]
   },
   "geometry": {
    "type": "Polygon",
    "coordinates": [
     [
      [
       85.11573316182711,
       25.352275598557085
      ],
      [
       85.11285717541581,
       25.39430999784835
      ],
      [
       85.07238147911335,
       25.415743346303067
      ],
      [
       85.03578881146777,
       25.433521547923565
      ],
      [
       85.00248179686584,
       25.427255025518512
      ],
      [
       84.96232048231558,
       25.433332835441597
      ],
      [
       84.9187912064612,
       25.34205582227642
      ],
      [
       84.994607221899,
       25.257422517100302
      ],
      [
       85.03795816860959,
       25.2511757017123
      ],
      [
       85.07664096050216,
       25.267180027365686
      ],
      [
       85.08927317642507,
       25.311102441470045
      ],
      [
       85.11573316182711,
       25.352275598557085
      ]
     ]
    ]
   }
  },
  {
   "type": "Feature",
   "id": "patna_fatuha",
   "properties": {
    "state": "Bihar",
    "district": "Patna",
    "block": "Fatuha",
    "fullName": "Bihar / Patna / Fatuha Block",
    "population": 210000,
    "area_sqkm": 250.9,
    "centroid": [
     85.31,
     25.51
    ],
    "bbox": [
     85.2277,
     25.4263,
     85.4018,
     25.5936
    ]
   },
   "geometry": {
    "type": "Polygon",
    "coordinates": [
     [
      [
       85.40182860546315,
       25.515236130329267
      ],
      [
       85.36112088345683,
       25.566627818138485
      ],
      [
       85.29454720529581,
       25.59358229221576
      ],
      [
       85.25970227761844,
       25.582685272964582
      ],
      [
       85.22774863219428,
       25.504810632534777
      ],
      [
       85.24621655021615,
       25.480018647112594
      ],
      [
       85.25543443964989,
       25.43885676753969
      ],
      [
       85.32988803328975,
       25.42625496473961
      ],
      [
       85.3879958232131,
       25.466450842810055
      ],
      [
       85.40182860546315,
       25.515236130329267
      ]
     ]
    ]
   }
  },
  {
   "type": "Feature",
   "id": "patna_maner",
   "properties": {
    "state": "Bihar",
    "district": "Patna",
    "block": "Maner",
    "fullName": "Bihar / Patna / Maner Block",
    "population": 220000,
    "area_sqkm": 251.0,
    "centroid": [
     84.88,
     25.65
    ],
    "bbox": [
     84.8048,
     25.5617,
     84.9662,
     25.7265
    ]
   },
   "geometry": {
    "type": "Polygon",
    "coordinates": [
     [
      [
       84.96624374287012,
       25.650603609098404
      ],
      [
       84.95634474692777,
       25.692047418773228
      ],
      [
       84.93386055347975,
       25.723378880640485
      ],
      [
       84.89771233758948,
       25.718982023498597
      ],
      [
       84.86126685525493,
       25.726457613537566
      ],
      [
       84.83123679598567,
       25.717684473776725
      ],
      [
       84.80899986056406,
       25.689209741002845
      ],
      [
       84.80480789180014,
       25.613155414896823
      ],
      [
       84.83173500188677,
       25.578425823455486
      ],
      [
       84.86692642796164,
       25.561694726261067
      ],
      [
       84.89572938139656,
       25.582106727509462
      ],
      [
       84.95877487795448,
       25.607413066372835
      ],
      [
       84.96624374287012,
       25.650603609098404
      ]
     ]
    ]
   }
  },
  {
   "type": "Feature",
   "id": "gaya_gaya_town",
   "properties": {
    "state": "Bihar",
    "district": "Gaya",
    "block": "Gaya Town",
    "fullName": "Bihar / Gaya / Gaya Town Block",
    "population": 470000,
    "area_sqkm": 229.3,
    "centroid": [
     85.0,
     24.8
    ],
    "bbox": [
     84.9236,
     24.7205,
     85.0865,
     24.8715
    ]
   },
   "geometry": {
    "type": "Polygon",
    "coordinates": [
     [
      [
       85.08653354581242,
       24.80680838590494
      ],
      [
       85.04384985637728,
       24.854776055987767
      ],
      [
       85.01521407675553,
       24.871490803114764
      ],
      [
       84.98151990574314,
       24.87122842657721
      ],
      [
       84.92357010799151,
       24.84220919316264
      ],
      [
       84.93675495785851,
       24.764538303093676
      ],
      [
       84.95473972718904,
       24.733839723101827
      ],
      [
       84.98321919548589,
       24.7261342835133
      ],
      [
       85.01893701245794,
       24.7204944131827
      ],
      [
       85.05223988873212,
       24.72651110412536
      ],
      [
       85.07479770119029,
       24.75633704306321
      ],
      [
       85.08653354581242,
       24.80680838590494
      ]
     ]
    ]
   }
  },
  {
   "type": "Feature",
   "id": "gaya_bodhgaya",
   "properties": {
    "state": "Bihar",
    "district": "Gaya",
    "block": "Bodhgaya",
    "fullName": "Bihar / Gaya / Bodhgaya Block",
    "population": 390000,
    "area_sqkm": 303.2,
    "centroid": [
     84.98,
     24.7
    ],
    "bbox": [
     84.8847,
     24.6118,
     85.0715,
     24.7997
    ]
   },
   "geometry": {
    "type": "Polygon",
    "coordinates": [
     [
      [
       85.07151951071509,
       24.697748715226385
      ],
      [
       85.06109063555415,
       24.738154486387334
      ],
      [
       84.99711215781967,
       24.786913461815022
      ],
      [
       84.96057502225165,
       24.799676629521468
      ],
      [
       84.92193166657418,
       24.774263443292078
      ],
      [
       84.88469904952714,
       24.69486038118743
      ],
      [
       84.89224971098167,
       24.662611595530578
      ],
      [
       84.92875040321809,
       24.626183300796985
      ],
      [
       85.00430185297805,
       24.611820851746124
      ],
      [
       85.0611461832653,
       24.65847662381412
      ],
      [
       85.07151951071509,
       24.697748715226385
      ]
     ]
    ]
   }
  },
  {
   "type": "Feature",
   "id": "gaya_sherghati",
   "properties": {
    "state": "Bihar",
    "district": "Gaya",
    "block": "Sherghati",
    "fullName": "Bihar / Gaya / Sherghati Block",
    "population": 270000,
    "area_sqkm": 381.3,
    "centroid": [
     84.79,
     24.57
    ],
    "bbox": [
     84.6924,
     24.4741,
     84.8957,
     24.6746
    ]
   },
   "geometry": {
    "type": "Polygon",
    "coordinates": [
     [
      [
       84.88105497570825,
       24.57409576098561
      ],
      [
       84.89372404044407,
       24.616804885772122
      ],
      [
       84.85712537046102,
       24.64363169644364
      ],
      [
       84.81267095841403,
       24.652738608948116
      ],
      [
       84.76932826345892,
       24.674595467681083
      ],
      [
       84.71951113656783,
       24.648585502777046
      ],
      [
       84.6924488817553,
       24.61472471284349
      ],
      [
       84.69923262555366,
       24.570880869296747
      ],
      [
       84.69566355672526,
       24.520512538898274
      ],
      [
       84.72835368953835,
       24.48212095796486
      ],
      [
       84.80583557156956,
       24.474061102870667
      ],
      [
       84.89573972392674,
       24.526142493073973
      ],
      [
       84.88105497570825,
       24.57409576098561
      ]
     ]
    ]
   }
  },
  {
   "type": "Feature",
   "id": "gaya_tekari",
   "properties": {
    "state": "Bihar",
    "district": "Gaya",
    "block": "Tekari",
    "fullName": "Bihar / Gaya / Tekari Block",
    "population": 280000,
    "area_sqkm": 299.7,
    "centroid": [
     84.83,
     24.93
    ],
    "bbox": [
     84.7379,
     24.8323,
     84.9134,
     25.0203
    ]
   },
   "geometry": {
    "type": "Polygon",
    "coordinates": [
     [
      [
       84.9119630598043,
       24.93047781848243
      ],
      [
       84.88534395650554,
       25.00216677709415
      ],
      [
       84.81672340173921,
       25.02025434132691
      ],
      [
       84.75216016157457,
       24.974504483998636
      ],
      [
       84.7379021243686,
       24.93335921910065
      ],
      [
       84.74799881754075,
       24.882596022965377
      ],
      [
       84.77320635070888,
       24.852274707806448
      ],
      [
       84.84504592235523,
       24.83227975385232
      ],
      [
       84.91343601994201,
       24.884859564512915
      ],
      [
       84.9119630598043,
       24.93047781848243
      ]
     ]
    ]
   }
  },
  {
   "type": "Feature",
   "id": "gaya_wazirganj",
   "properties": {
    "state": "Bihar",
    "district": "Gaya",
    "block": "Wazirganj",
    "fullName": "Bihar / Gaya / Wazirganj Block",
    "population": 250000,
    "area_sqkm": 326.2,
    "centroid": [
     85.23,
     24.78
    ],
    "bbox": [
     85.1434,
     24.6796,
     85.3306,
     24.8718
    ]
   },
   "geometry": {
    "type": "Polygon",
    "coordinates": [
     [
      [
       85.33057975505467,
       24.78657818890399
      ],
      [
       85.32363345276937,
       24.820172609261167
      ],
      [
       85.28145569291924,
       24.851847103060386
      ],
      [
       85.21030052515634,
       24.8717896859598
      ],
      [
       85.17252596000431,
       24.861392121175502
      ],
      [
       85.1433888121337,
       24.785631857330895
      ],
      [
       85.14871583629062,
       24.74268221586872
      ],
      [
       85.18233776771751,
       24.710092133404096
      ],
      [
       85.21450998989482,
       24.684453901221328
      ],
      [
       85.25474257181877,
       24.679602430314805
      ],
      [
       85.3242947703197,
       24.741044797739
      ],
      [
       85.33057975505467,
       24.78657818890399
      ]
     ]
    ]
   }
  },
  {
   "type": "Feature",
   "id": "gaya_manpur",
   "properties": {
    "state": "Bihar",
    "district": "Gaya",
    "block": "Manpur",
    "fullName": "Bihar / Gaya / Manpur Block",
    "population": 260000,
    "area_sqkm": 187.4,
    "centroid": [
     85.04,
     24.79
    ],
    "bbox": [
     84.9679,
     24.7183,
     85.1168,
     24.859
    ]
   },
   "geometry": {
    "type": "Polygon",
    "coordinates": [
     [
      [
       85.11678522360067,
       24.794452496088162
      ],
      [
       85.08287285317628,
       24.85352683738687
      ],
      [
       85.05783905673478,
       24.859026826181424
      ],
      [
       85.02067901799604,
       24.855455389840454
      ],
      [
       84.97371099761466,
       24.817489755176368
      ],
      [
       84.96790553098789,
       24.785837217978393
      ],
      [
       85.00228954716076,
       24.736511606507573
      ],
      [
       85.02785614116578,
       24.72257162229233
      ],
      [
       85.06193435714889,
       24.71827925912715
      ],
      [
       85.09278969729132,
       24.731710587704136
      ],
      [
       85.11678522360067,
       24.794452496088162
      ]
     ]
    ]
   }
  },
  {
   "type": "Feature",
   "id": "muzaffarpur_mushahari",
   "properties": {
    "state": "Bihar",
    "district": "Muzaffarpur",
    "block": "Mushahari",
    "fullName": "Bihar / Muzaffarpur / Mushahari Block",
    "population": 480000,
    "area_sqkm": 232.9,
    "centroid": [
     85.42,
     26.12
    ],
    "bbox": [
     85.3446,
     26.0364,
     85.5062,
     26.1975
    ]
   },
   "geometry": {
    "type": "Polygon",
    "coordinates": [
     [
      [
       85.50618057904386,
       26.118631208555303
      ],
      [
       85.48658027857628,
       26.14821600696847
      ],
      [
       85.47841720941051,
       26.189697249631454
      ],
      [
       85.43219262827694,
       26.197472465535768
      ],
      [
       85.39947516981152,
       26.189823187006194
      ],
      [
       85.35199792828385,
       26.158309968286325
      ],
      [
       85.34461251321548,
       26.09066946543642
      ],
      [
       85.36828253533623,
       26.053371871099472
      ],
      [
       85.39805279768863,
       26.03641823656386
      ],
      [
       85.43682086606373,
       26.048084305196795
      ],
      [
       85.49622458413243,
       26.085693716306547
      ],
      [
       85.50618057904386,
       26.118631208555303
      ]
     ]
    ]
   }
  },
  {
   "type": "Feature",
   "id": "muzaffarpur_kanti",
   "properties": {
    "state": "Bihar",
    "district": "Muzaffarpur",
    "block": "Kanti",
    "fullName": "Bihar / Muzaffarpur / Kanti Block",
    "population": 360000,
    "area_sqkm": 307.0,
    "centroid": [
     85.3,
     26.2
    ],
    "bbox": [
     85.206,
     26.1098,
     85.3889,
     26.2998
    ]
   },
   "geometry": {
    "type": "Polygon",
    "coordinates": [
     [
      [
       85.38885010032345,
       26.203694684856522
      ],
      [
       85.37532780207033,
       26.2393843372232
      ],
      [
       85.3469537502176,
       26.269602291464576
      ],
      [
       85.32006873777813,
       26.291735386928327
      ],
      [
       85.28235654309098,
       26.299777546556577
      ],
      [
       85.24369674168868,
       26.27680716613686
      ],
      [
       85.21876085353064,
       26.23588256114217
      ],
      [
       85.20599325635378,
       26.196871462992153
      ],
      [
       85.2243394556466,
       26.158111310176213
      ],
      [
       85.27386162945915,
       26.111287905528222
      ],
      [
       85.32775669887656,
       26.109764948629607
      ],
      [
       85.35785327153505,
       26.12277206744081
      ],
      [
       85.38885010032345,
       26.203694684856522
      ]
     ]
    ]
   }
  },
  {
   "type": "Feature",
   "id": "muzaffarpur_motipur",
   "properties": {
    "state": "Bihar",
    "district": "Muzaffarpur",
    "block": "Motipur",
    "fullName": "Bihar / Muzaffarpur / Motipur Block",
    "population": 320000,
    "area_sqkm": 355.2,
    "centroid": [
     85.18,
     26.28
    ],
    "bbox": [
     85.0764,
     26.182,
     85.2903,
     26.3891
    ]
   },
   "geometry": {
    "type": "Polygon",
    "coordinates": [
     [
      [
       85.29025589681505,
       26.27495880987419
      ],
      [
       85.27160503440358,
       26.322622277141953
      ],
      [
       85.23401697755072,
       26.35503241946971
      ],
      [
       85.14921590794826,
       26.389137601046563
      ],
      [
       85.0763744315451,
       26.274376620791042
      ],
      [
       85.11593407671896,
       26.204670947389044
      ],
      [
       85.19766909094523,
       26.181953917717074
      ],
      [
       85.2740330902814,
       26.235769994298707
      ],
      [
       85.29025589681505,
       26.27495880987419
      ]
     ]
    ]
   }
  },
  {
   "type": "Feature",
   "id": "muzaffarpur_sakra",
   "properties": {
    "state": "Bihar",
    "district": "Muzaffarpur",
    "block": "Sakra",
    "fullName": "Bihar / Muzaffarpur / Sakra Block",
    "population": 290000,
    "area_sqkm": 290.4,
    "centroid": [
     85.53,
     25.98
    ],
    "bbox": [
     85.4394,
     25.8906,
     85.6191,
     26.0728
    ]
   },
   "geometry": {
    "type": "Polygon",
    "coordinates": [
     [
      [
       85.61909612683245,
       25.980883713991943
      ],
      [
       85.60595948342147,
       26.022749886039946
      ],
      [
       85.54920397132112,
       26.072751898502347
      ],
      [
       85.46753100297819,
       26.051261897551356
      ],
      [
       85.43935687456379,
       25.939177165096332
      ],
      [
       85.46562716361743,
       25.910529426143253
      ],
      [
       85.50701972386642,
       25.894179470346273
      ],
      [
       85.54309736523716,
       25.890586937494184
      ],
      [
       85.6043821996099,
       25.937400196893837
      ],
      [
       85.61909612683245,
       25.980883713991943
      ]
     ]
    ]
   }
  },
  {
   "type": "Feature",
   "id": "muzaffarpur_kurhani",
   "properties": {
    "state": "Bihar",
    "district": "Muzaffarpur",
    "block": "Kurhani",
    "fullName": "Bihar / Muzaffarpur / Kurhani Block",
    "population": 340000,
    "area_sqkm": 285.0,
    "centroid": [
     85.44,
     26.01
    ],
    "bbox": [
     85.3527,
     25.9133,
     85.52,
     26.1021
    ]
   },
   "geometry": {
    "type": "Polygon",
    "coordinates": [
     [
      [
       85.51997089071205,
       26.012754989826746
      ],
      [
       85.49509604537654,
       26.077858893985916
      ],
      [
       85.4602518751233,
       26.102061301126557
      ],
      [
       85.37941572931844,
       26.083117827804667
      ],
      [
       85.35267638938538,
       26.00976453321769
      ],
      [
       85.38332885389387,
       25.93226444778276
      ],
      [
       85.42316088246477,
       25.928254817112016
      ],
      [
       85.45881878480853,
       25.913294693151308
      ],
      [
       85.51631756442058,
       25.965573030829653
      ],
      [
       85.51997089071205,
       26.012754989826746
      ]
     ]
    ]
   }
  },
  {
   "type": "Feature",
   "id": "muzaffarpur_marwan",
   "properties": {
    "state": "Bihar",
    "district": "Muzaffarpur",
    "block": "Marwan",
    "fullName": "Bihar / Muzaffarpur / Marwan Block",
    "population": 230000,
    "area_sqkm": 218.9,
    "centroid": [
     85.32,
     26.13
    ],
    "bbox": [
     85.2346,
     26.0619,
     85.4001,
     26.2055
    ]
   },
   "geometry": {
    "type": "Polygon",
    "coordinates": [
     [
      [
       85.40010057454371,
       26.124326992490367
      ],
      [
       85.3708956257792,
       26.186942056354066
      ],
      [
       85.33271742109245,
       26.205504735734337
      ],
      [
       85.2715873743025,
       26.18420322087527
      ],
      [
       85.25233167389507,
       26.156391787462365
      ],
      [
       85.23464031831148,
       26.096822498780412
      ],
      [
       85.26830828178039,
       26.06372852181615
      ],
      [
       85.37286877179056,
       26.061850096372016
      ],
      [
       85.40010057454371,
       26.124326992490367
      ]
     ]
    ]
   }
  },
  {
   "type": "Feature",
   "id": "vaishali_hajipur",
   "properties": {
    "state": "Bihar",
    "district": "Vaishali",
    "block": "Hajipur",
    "fullName": "Bihar / Vaishali / Hajipur Block",
    "population": 440000,
    "area_sqkm": 231.7,
    "centroid": [
     85.22,
     25.68
    ],
    "bbox": [
     85.1373,
     25.5951,
     85.303,
     25.7583
    ]
   },
   "geometry": {
    "type": "Polygon",
    "coordinates": [
     [
      [
       85.28904874956928,
       25.682137115523958
      ],
      [
       85.29586931866255,
       25.714826415487778
      ],
      [
       85.27419504268859,
       25.738894624767724
      ],
      [
       85.23326063752742,
       25.758341839694175
      ],
      [
       85.16747595411329,
       25.743885084489694
      ],
      [
       85.14285250902347,
       25.712239727232898
      ],
      [
       85.13733241143265,
       25.675557254479706
      ],
      [
       85.2055410498897,
       25.5951354873766
      ],
      [
       85.24237164903735,
       25.605149391980127
      ],
      [
       85.30302659996303,
       25.646259531361512
      ],
      [
       85.28904874956928,
       25.682137115523958
      ]
     ]
    ]
   }
  },
  {
   "type": "Feature",
   "id": "vaishali_lalganj",
   "properties": {
    "state": "Bihar",
    "district": "Vaishali",
    "block": "Lalganj",
    "fullName": "Bihar / Vaishali / Lalganj Block",
    "population": 310000,
    "area_sqkm": 296.0,
    "centroid": [
     85.18,
     25.86
    ],
    "bbox": [
     85.0922,
     25.78,
     85.2718,
     25.9503
    ]
   },
   "geometry": {
    "type": "Polygon",
    "coordinates": [
     [
      [
       85.27179019715253,
       25.856544149058678
      ],
      [
       85.26874049233413,
       25.909383160492663
      ],
      [
       85.24073762390664,
       25.930019860626214
      ],
      [
       85.19933457478105,
       25.93446907167695
      ],
      [
       85.15375596749945,
       25.950273742301913
      ],
      [
       85.12631845996177,
       25.938809579957308
      ],
      [
       85.09578537060445,
       25.906427790982065
      ],
      [
       85.09216438760276,
       25.856632253958765
      ],
      [
       85.1099731753387,
       25.82809642679953
      ],
      [
       85.11891823621767,
       25.781993070502754
      ],
      [
       85.20168798286879,
       25.780012788592707
      ],
      [
       85.23130184969956,
       25.788936502781823
      ],
      [
       85.27179019715253,
       25.856544149058678
      ]
     ]
    ]
   }
  },
  {
   "type": "Feature",
   "id": "vaishali_mahua",
   "properties": {
    "state": "Bihar",
    "district": "Vaishali",
    "block": "Mahua",
    "fullName": "Bihar / Vaishali / Mahua Block",
    "population": 330000,
    "area_sqkm": 304.7,
    "centroid": [
     85.39,
     25.83
    ],
    "bbox": [
     85.2975,
     25.7345,
     85.4845,
     25.923
    ]
   },
   "geometry": {
    "type": "Polygon",
    "coordinates": [
     [
      [
       85.48451370347924,
       25.789538505819138
      ],
      [
       85.44357998886582,
       25.892481728673474
      ],
      [
       85.4047566653128,
       25.92069527274147
      ],
      [
       85.36696593590007,
       25.923019393295426
      ],
      [
       85.30066326517179,
       25.865144524078193
      ],
      [
       85.30399303445502,
       25.824814324870587
      ],
      [
       85.29748278922212,
       25.79412387080429
      ],
      [
       85.33139883250138,
       25.761704278082068
      ],
      [
       85.40962047033933,
       25.734547944801218
      ],
      [
       85.44977065927297,
       25.75418836409822
      ],
      [
       85.48451370347924,
       25.789538505819138
      ]
     ]
    ]
   }
  },
  {
   "type": "Feature",
   "id": "vaishali_bidupur",
   "properties": {
    "state": "Bihar",
    "district": "Vaishali",
    "block": "Bidupur",
    "fullName": "Bihar / Vaishali / Bidupur Block",
    "population": 280000,
    "area_sqkm": 222.2,
    "centroid": [
     85.33,
     25.65
    ],
    "bbox": [
     85.2432,
     25.5621,
     85.401,
     25.7257
    ]
   },
   "geometry": {
    "type": "Polygon",
    "coordinates": [
     [
      [
       85.38739649060096,
       25.585686970388892
      ],
      [
       85.40101789614972,
       25.68353628621942
      ],
      [
       85.38042318078472,
       25.709320568041093
      ],
      [
       85.31390257594258,
       25.725653390793045
      ],
      [
       85.28248684037447,
       25.712001645951652
      ],
      [
       85.24324748454475,
       25.650373806150313
      ],
      [
       85.2796387970535,
       25.594096071089258
      ],
      [
       85.3560165807026,
       25.562148678417344
      ],
      [
       85.38739649060096,
       25.585686970388892
      ]
     ]
    ]
   }
  },
  {
   "type": "Feature",
   "id": "vaishali_bhagwanpur",
   "properties": {
    "state": "Bihar",
    "district": "Vaishali",
    "block": "Bhagwanpur",
    "fullName": "Bihar / Vaishali / Bhagwanpur Block",
    "population": 260000,
    "area_sqkm": 244.5,
    "centroid": [
     85.29,
     25.84
    ],
    "bbox": [
     85.2111,
     25.7554,
     85.3742,
     25.9079
    ]
   },
   "geometry": {
    "type": "Polygon",
    "coordinates": [
     [
      [
       85.36362649246777,
       25.844572436526942
      ],
      [
       85.37419884718076,
       25.875749191341015
      ],
      [
       85.33508020980621,
       25.900339587785286
      ],
      [
       85.30119850992051,
       25.907903897440843
      ],
      [
       85.23873803555027,
       25.904559637251744
      ],
      [
       85.2144592266587,
       25.839367689673388
      ],
      [
       85.21108749726484,
       25.808089122391692
      ],
      [
       85.22896523213447,
       25.774628726120337
      ],
      [
       85.2717160492023,
       25.755351233914023
      ],
      [
       85.35059502264535,
       25.77173014457055
      ],
      [
       85.36968386548342,
       25.799490332186963
      ],
      [
       85.36362649246777,
       25.844572436526942
      ]
     ]
    ]
   }
  },
  {
   "type": "Feature",
   "id": "bhojpur_arrah_sadar",
   "properties": {
    "state": "Bihar",
    "district": "Bhojpur",
    "block": "Arrah Sadar",
    "fullName": "Bihar / Bhojpur / Arrah Sadar Block",
    "population": 420000,
    "area_sqkm": 317.1,
    "centroid": [
     84.66,
     25.56
    ],
    "bbox": [
     84.5719,
     25.4615,
     84.7419,
     25.6579
    ]
   },
   "geometry": {
    "type": "Polygon",
    "coordinates": [
     [
      [
       84.73825894492123,
       25.520570502059368
      ],
      [
       84.74185589380532,
       25.60169639148772
      ],
      [
       84.72182425631357,
       25.63549470058796
      ],
      [
       84.6813727966339,
       25.657916253139707
      ],
      [
       84.63332119948674,
       25.652011999623355
      ],
      [
       84.60500116750053,
       25.61878443713258
      ],
      [
       84.57455746205896,
       25.6085895868827
      ],
      [
       84.57191263876169,
       25.523467789605142
      ],
      [
       84.6001057456531,
       25.479067775938812
      ],
      [
       84.63684190436021,
       25.461470945772486
      ],
      [
       84.6839573505098,
       25.476787583843233
      ],
      [
       84.73825894492123,
       25.520570502059368
      ]
     ]
    ]
   }
  },
  {
   "type": "Feature",
   "id": "bhojpur_koilwar",
   "properties": {
    "state": "Bihar",
    "district": "Bhojpur",
    "block": "Koilwar",
    "fullName": "Bihar / Bhojpur / Koilwar Block",
    "population": 250000,
    "area_sqkm": 250.9,
    "centroid": [
     84.8,
     25.58
    ],
    "bbox": [
     84.7186,
     25.4942,
     84.879,
     25.6586
    ]
   },
   "geometry": {
    "type": "Polygon",
    "coordinates": [
     [
      [
       84.86616580754097,
       25.543347714865977
      ],
      [
       84.87895199640008,
       25.61613983894355
      ],
      [
       84.85090087451174,
       25.650875073944594
      ],
      [
       84.78208719582472,
       25.65859632642097
      ],
      [
       84.74896298468232,
       25.653978650912862
      ],
      [
       84.71863879993018,
       25.61556991513512
      ],
      [
       84.74315303857546,
       25.51045635609385
      ],
      [
       84.77699128544582,
       25.494233123923333
      ],
      [
       84.85046119097312,
       25.51435887138743
      ],
      [
       84.86616580754097,
       25.543347714865977
      ]
     ]
    ]
   }
  },
  {
   "type": "Feature",
   "id": "bhojpur_jagdishpur",
   "properties": {
    "state": "Bihar",
    "district": "Bhojpur",
    "block": "Jagdishpur",
    "fullName": "Bihar / Bhojpur / Jagdishpur Block",
    "population": 290000,
    "area_sqkm": 369.6,
    "centroid": [
     84.42,
     25.48
    ],
    "bbox": [
     84.3237,
     25.3794,
     84.515,
     25.5888
    ]
   },
   "geometry": {
    "type": "Polygon",
    "coordinates": [
     [
      [
       84.50789785744172,
       25.430081608752566
      ],
      [
       84.5150158338684,
       25.521118189916898
      ],
      [
       84.44456629384318,
       25.588793537535903
      ],
      [
       84.39074475498265,
       25.57854266760275
      ],
      [
       84.36120938534216,
       25.562795371842753
      ],
      [
       84.33131743948066,
       25.51715943548894
      ],
      [
       84.32369047434153,
       25.482076254623195
      ],
      [
       84.35283294925941,
       25.39236249108832
      ],
      [
       84.39836828371442,
       25.393609574154066
      ],
      [
       84.4453831794161,
       25.379350042838535
      ],
      [
       84.50789785744172,
       25.430081608752566
      ]
     ]
    ]
   }
  },
  {
   "type": "Feature",
   "id": "bhojpur_bihiya",
   "properties": {
    "state": "Bihar",
    "district": "Bhojpur",
    "block": "Bihiya",
    "fullName": "Bihar / Bhojpur / Bihiya Block",
    "population": 230000,
    "area_sqkm": 317.2,
    "centroid": [
     84.46,
     25.58
    ],
    "bbox": [
     84.3717,
     25.4884,
     84.5517,
     25.6781
    ]
   },
   "geometry": {
    "type": "Polygon",
    "coordinates": [
     [
      [
       84.541214034452,
       25.573658552610855
      ],
      [
       84.551686632253,
       25.615839831085673
      ],
      [
       84.51530680430103,
       25.65152900323134
      ],
      [
       84.47738946571897,
       25.670496809789306
      ],
      [
       84.43082890746501,
       25.678056351082137
      ],
      [
       84.3991962529757,
       25.6457536545175
      ],
      [
       84.37169950764334,
       25.573786063691426
      ],
      [
       84.37713404253451,
       25.53585247028448
      ],
      [
       84.4037498626142,
       25.499753457656713
      ],
      [
       84.44315130718222,
       25.488367900239883
      ],
      [
       84.5207093865736,
       25.505370191422664
      ],
      [
       84.54531792456173,
       25.541080695304778
      ],
      [
       84.541214034452,
       25.573658552610855
      ]
     ]
    ]
   }
  },
  {
   "type": "Feature",
   "id": "bhojpur_sandesh",
   "properties": {
    "state": "Bihar",
    "district": "Bhojpur",
    "block": "Sandesh",
    "fullName": "Bihar / Bhojpur / Sandesh Block",
    "population": 210000,
    "area_sqkm": 321.9,
    "centroid": [
     84.7,
     25.38
    ],
    "bbox": [
     84.6096,
     25.2858,
     84.7901,
     25.4732
    ]
   },
   "geometry": {
    "type": "Polygon",
    "coordinates": [
     [
      [
       84.79005628712962,
       25.33178022715405
      ],
      [
       84.78807542162505,
       25.426002354173107
      ],
      [
       84.71356107384304,
       25.473178376591566
      ],
      [
       84.6384664307442,
       25.456905038331534
      ],
      [
       84.6122825688692,
       25.38241966726609
      ],
      [
       84.60964075247759,
       25.330900249078475
      ],
      [
       84.6460611781895,
       25.30830414083924
      ],
      [
       84.72917137813111,
       25.285818022350323
      ],
      [
       84.79005628712962,
       25.33178022715405
      ]
     ]
    ]
   }
  },
  {
   "type": "Feature",
   "id": "nalanda_bihar_sharif",
   "properties": {
    "state": "Bihar",
    "district": "Nalanda",
    "block": "Bihar Sharif",
    "fullName": "Bihar / Nalanda / Bihar Sharif Block",
    "population": 460000,
    "area_sqkm": 296.4,
    "centroid": [
     85.52,
     25.2
    ],
    "bbox": [
     85.434,
     25.116,
     85.6061,
     25.2993
    ]
   },
   "geometry": {
    "type": "Polygon",
    "coordinates": [
     [
      [
       85.60498882202319,
       25.163673226347175
      ],
      [
       85.60612566727255,
       25.23332987890774
      ],
      [
       85.57680183301714,
       25.275327098012095
      ],
      [
       85.53783200403761,
       25.299264608461367
      ],
      [
       85.45852808609533,
       25.274578109367855
      ],
      [
       85.43395661809905,
       25.239957314415797
      ],
      [
       85.4630978424194,
       25.11603355549029
      ],
      [
       85.53784708772575,
       25.12071339528844
      ],
      [
       85.60498882202319,
       25.163673226347175
      ]
     ]
    ]
   }
  },
  {
   "type": "Feature",
   "id": "nalanda_rajgir",
   "properties": {
    "state": "Bihar",
    "district": "Nalanda",
    "block": "Rajgir",
    "fullName": "Bihar / Nalanda / Rajgir Block",
    "population": 260000,
    "area_sqkm": 300.5,
    "centroid": [
     85.42,
     25.03
    ],
    "bbox": [
     85.3373,
     24.9345,
     85.5015,
     25.1141
    ]
   },
   "geometry": {
    "type": "Polygon",
    "coordinates": [
     [
      [
       85.49874027480095,
       24.99207957056449
      ],
      [
       85.50150691261074,
       25.075674481613518
      ],
      [
       85.47473170570827,
       25.106430345413706
      ],
      [
       85.43858487309309,
       25.114062539012274
      ],
      [
       85.3537040874954,
       25.108683000676056
      ],
      [
       85.337339571199,
       25.06287084767724
      ],
      [
       85.33966186114465,
       24.989526387534703
      ],
      [
       85.35935095360907,
       24.955209951584855
      ],
      [
       85.40210430510894,
       24.952781357438194
      ],
      [
       85.4431330684692,
       24.934537971095793
      ],
      [
       85.47725708976103,
       24.960537333079547
      ],
      [
       85.49874027480095,
       24.99207957056449
      ]
     ]
    ]
   }
  },
  {
   "type": "Feature",
   "id": "nalanda_hilsa",
   "properties": {
    "state": "Bihar",
    "district": "Nalanda",
    "block": "Hilsa",
    "fullName": "Bihar / Nalanda / Hilsa Block",
    "population": 280000,
    "area_sqkm": 229.1,
    "centroid": [
     85.28,
     25.32
    ],
    "bbox": [
     85.194,
     25.2347,
     85.3606,
     25.3991
    ]
   },
   "geometry": {
    "type": "Polygon",
    "coordinates": [
     [
      [
       85.36064783802905,
       25.31610294549192
      ],
      [
       85.33015321333555,
       25.376678822219976
      ],
      [
       85.29945931524793,
       25.399094107103274
      ],
      [
       85.26907058663309,
       25.394798389716705
      ],
      [
       85.23107160221724,
       25.373117769530108
      ],
      [
       85.20763170842584,
       25.351562365867096
      ],
      [
       85.19404104105048,
       25.32481013129693
      ],
      [
       85.23045500086499,
       25.25873603364197
      ],
      [
       85.26080739537578,
       25.234710628439096
      ],
      [
       85.32952679499653,
       25.25294819929486
      ],
      [
       85.36064783802905,
       25.31610294549192
      ]
     ]
    ]
   }
  },
  {
   "type": "Feature",
   "id": "nalanda_islampur",
   "properties": {
    "state": "Bihar",
    "district": "Nalanda",
    "block": "Islampur",
    "fullName": "Bihar / Nalanda / Islampur Block",
    "population": 250000,
    "area_sqkm": 294.4,
    "centroid": [
     85.21,
     25.14
    ],
    "bbox": [
     85.1113,
     25.0462,
     85.3015,
     25.2167
    ]
   },
   "geometry": {
    "type": "Polygon",
    "coordinates": [
     [
      [
       85.3006820911463,
       25.13610934417694
      ],
      [
       85.301542894589,
       25.175490727831434
      ],
      [
       85.23078762056345,
       25.21668539016199
      ],
      [
       85.18800639492663,
       25.21468855014443
      ],
      [
       85.11560154277805,
       25.177112454759264
      ],
      [
       85.11128518998643,
       25.140124385370676
      ],
      [
       85.12107527304687,
       25.08820317019303
      ],
      [
       85.15993420902194,
       25.067622518143335
      ],
      [
       85.22949713148225,
       25.04623109182518
      ],
      [
       85.2881253886147,
       25.105679495536098
      ],
      [
       85.3006820911463,
       25.13610934417694
      ]
     ]
    ]
   }
  },
  {
   "type": "Feature",
   "id": "nalanda_harnaut",
   "properties": {
    "state": "Bihar",
    "district": "Nalanda",
    "block": "Harnaut",
    "fullName": "Bihar / Nalanda / Harnaut Block",
    "population": 230000,
    "area_sqkm": 254.4,
    "centroid": [
     85.53,
     25.37
    ],
    "bbox": [
     85.4531,
     25.2865,
     85.6206,
     25.4585
    ]
   },
   "geometry": {
    "type": "Polygon",
    "coordinates": [
     [
      [
       85.62063924405439,
       25.36434034041156
      ],
      [
       85.5815967912076,
       25.436903102755693
      ],
      [
       85.54998792768751,
       25.458547139685017
      ],
      [
       85.51588546805347,
       25.442369084031206
      ],
      [
       85.47783680033665,
       25.44019811675887
      ],
      [
       85.4561977875869,
       25.407799832292255
      ],
      [
       85.45312842773876,
       25.330043078320227
      ],
      [
       85.47476660742439,
       25.307351883154883
      ],
      [
       85.51121455426426,
       25.28650404624596
      ],
      [
       85.57667559317339,
       25.307542081782508
      ],
      [
       85.60742271528053,
       25.33775942190796
      ],
      [
       85.62063924405439,
       25.36434034041156
      ]
     ]
    ]
   }
  },
  {
   "type": "Feature",
   "id": "samastipur_samastipur_sadar",
   "properties": {
    "state": "Bihar",
    "district": "Samastipur",
    "block": "Samastipur Sadar",
    "fullName": "Bihar / Samastipur / Samastipur Sadar Block",
    "population": 450000,
    "area_sqkm": 293.6,
    "centroid": [
     85.78,
     25.86
    ],
    "bbox": [
     85.6905,
     25.7625,
     85.8665,
     25.9485
    ]
   },
   "geometry": {
    "type": "Polygon",
    "coordinates": [
     [
      [
       85.86647162109686,
       25.81879101261641
      ],
      [
       85.86425879667986,
       25.908404417694555
      ],
      [
       85.79291219654151,
       25.948479182578613
      ],
      [
       85.75458580103628,
       25.94443974428156
      ],
      [
       85.71214563893743,
       25.898605285076897
      ],
      [
       85.69052013055368,
       25.862668096091856
      ],
      [
       85.69748321613886,
       25.81303962307381
      ],
      [
       85.73002516259938,
       25.800182473476
      ],
      [
       85.7630827587504,
       25.76254348174886
      ],
      [
       85.80158154370619,
       25.768621161701002
      ],
      [
       85.86647162109686,
       25.81879101261641
      ]
     ]
    ]
   }
  },
  {
   "type": "Feature",
   "id": "samastipur_dalsinghsarai",
   "properties": {
    "state": "Bihar",
    "district": "Samastipur",
    "block": "Dalsinghsarai",
    "fullName": "Bihar / Samastipur / Dalsinghsarai Block",
    "population": 290000,
    "area_sqkm": 223.2,
    "centroid": [
     85.83,
     25.67
    ],
    "bbox": [
     85.7483,
     25.5914,
     85.9102,
     25.7532
    ]
   },
   "geometry": {
    "type": "Polygon",
    "coordinates": [
     [
      [
       85.8772803523497,
       25.601993680383636
      ],
      [
       85.9102264063874,
       25.70386565069001
      ],
      [
       85.84402098929873,
       25.753158536605902
      ],
      [
       85.7884248075825,
       25.73039696737259
      ],
      [
       85.74834760853994,
       25.670108874278327
      ],
      [
       85.75850866161429,
       25.631650424732545
      ],
      [
       85.77598216861315,
       25.606107634348557
      ],
      [
       85.84326051243362,
       25.59142920445287
      ],
      [
       85.8772803523497,
       25.601993680383636
      ]
     ]
    ]
   }
  },
  {
   "type": "Feature",
   "id": "samastipur_rosera",
   "properties": {
    "state": "Bihar",
    "district": "Samastipur",
    "block": "Rosera",
    "fullName": "Bihar / Samastipur / Rosera Block",
    "population": 310000,
    "area_sqkm": 318.1,
    "centroid": [
     86.01,
     25.75
    ],
    "bbox": [
     85.9077,
     25.6519,
     86.0976,
     25.827
    ]
   },
   "geometry": {
    "type": "Polygon",
    "coordinates": [
     [
      [
       86.09411558638642,
       25.701856843066352
      ],
      [
       86.09756770972322,
       25.797060222713085
      ],
      [
       86.02871403330138,
       25.827007220646426
      ],
      [
       85.94338374134404,
       25.823389407275897
      ],
      [
       85.92108395035592,
       25.78984624789901
      ],
      [
       85.90769822687955,
       25.746059299085186
      ],
      [
       85.94664329824967,
       25.67863044548103
      ],
      [
       85.98856608685614,
       25.65849093898089
      ],
      [
       86.02916242565436,
       25.651901192371582
      ],
      [
       86.09411558638642,
       25.701856843066352
      ]
     ]
    ]
   }
  },
  {
   "type": "Feature",
   "id": "samastipur_pusa",
   "properties": {
    "state": "Bihar",
    "district": "Samastipur",
    "block": "Pusa",
    "fullName": "Bihar / Samastipur / Pusa Block",
    "population": 240000,
    "area_sqkm": 264.2,
    "centroid": [
     85.67,
     25.98
    ],
    "bbox": [
     85.5907,
     25.8924,
     85.7608,
     26.0626
    ]
   },
   "geometry": {
    "type": "Polygon",
    "coordinates": [
     [
      [
       85.7608063985447,
       25.978283003790505
      ],
      [
       85.720369579323,
       26.047114818970368
      ],
      [
       85.65209428264468,
       26.06263084269995
      ],
      [
       85.61447650482503,
       26.051558909518185
      ],
      [
       85.59068762759237,
       25.985148054037467
      ],
      [
       85.59529748027337,
       25.943334707863915
      ],
      [
       85.61915203491336,
       25.90603174575598
      ],
      [
       85.64494047862088,
       25.89242731103612
      ],
      [
       85.68664266637954,
       25.8935314723844
      ],
      [
       85.72482395928427,
       25.911983499066437
      ],
      [
       85.73631875305293,
       25.946132730120024
      ],
      [
       85.7608063985447,
       25.978283003790505
      ]
     ]
    ]
   }
  },
  {
   "type": "Feature",
   "id": "begusarai_begusarai_sadar",
   "properties": {
    "state": "Bihar",
    "district": "Begusarai",
    "block": "Begusarai Sadar",
    "fullName": "Bihar / Begusarai / Begusarai Sadar Block",
    "population": 430000,
    "area_sqkm": 282.6,
    "centroid": [
     86.13,
     25.42
    ],
    "bbox": [
     86.0369,
     25.3345,
     86.2128,
     25.502
    ]
   },
   "geometry": {
    "type": "Polygon",
    "coordinates": [
     [
      [
       86.21281983970327,
       25.414447921480974
      ],
      [
       86.19327640163236,
       25.49312343947612
      ],
      [
       86.10510374895954,
       25.501979838042512
      ],
      [
       86.07038773487353,
       25.4939504026737
      ],
      [
       86.04214852556343,
       25.464948838945556
      ],
      [
       86.03686520451116,
       25.41960456513246
      ],
      [
       86.05719839841115,
       25.379022411390462
      ],
      [
       86.11486566122917,
       25.33446445961682
      ],
      [
       86.14476770485467,
       25.335289078461578
      ],
      [
       86.20947908539635,
       25.377679465626294
      ],
      [
       86.21281983970327,
       25.414447921480974
      ]
     ]
    ]
   }
  },
  {
   "type": "Feature",
   "id": "begusarai_barauni",
   "properties": {
    "state": "Bihar",
    "district": "Begusarai",
    "block": "Barauni",
    "fullName": "Bihar / Begusarai / Barauni Block",
    "population": 350000,
    "area_sqkm": 312.6,
    "centroid": [
     85.97,
     25.47
    ],
    "bbox": [
     85.8804,
     25.3762,
     86.0549,
     25.5623
    ]
   },
   "geometry": {
    "type": "Polygon",
    "coordinates": [
     [
      [
       86.05485471869237,
       25.422819560723273
      ],
      [
       86.05343954675837,
       25.50870582398824
      ],
      [
       86.02233551675083,
       25.52757959905194
      ],
      [
       85.99708630668096,
       25.56227205829369
      ],
      [
       85.9445306978409,
       25.560394801471784
      ],
      [
       85.91250256402634,
       25.546405089932115
      ],
      [
       85.88267067166389,
       25.476897603063257
      ],
      [
       85.88037864488868,
       25.427163903580226
      ],
      [
       85.91514079274192,
       25.398334276619064
      ],
      [
       85.9866417590527,
       25.37621522754018
      ],
      [
       86.02631080383537,
       25.390026485018893
      ],
      [
       86.05485471869237,
       25.422819560723273
      ]
     ]
    ]
   }
  },
  {
   "type": "Feature",
   "id": "begusarai_teghra",
   "properties": {
    "state": "Bihar",
    "district": "Begusarai",
    "block": "Teghra",
    "fullName": "Bihar / Begusarai / Teghra Block",
    "population": 270000,
    "area_sqkm": 230.9,
    "centroid": [
     85.91,
     25.49
    ],
    "bbox": [
     85.8265,
     25.401,
     85.987,
     25.5685
    ]
   },
   "geometry": {
    "type": "Polygon",
    "coordinates": [
     [
      [
       85.98591497466441,
       25.490549098892494
      ],
      [
       85.95895343912154,
       25.54926865058414
      ],
      [
       85.88983832450909,
       25.56848086109947
      ],
      [
       85.85886324987169,
       25.560445848008055
      ],
      [
       85.84671769038077,
       25.52164559714324
      ],
      [
       85.82648119343146,
       25.489431870675773
      ],
      [
       85.83997952455782,
       25.456893653609054
      ],
      [
       85.8947030042631,
       25.40103204870623
      ],
      [
       85.92173779831258,
       25.42150602177696
      ],
      [
       85.97190836177407,
       25.423143677226054
      ],
      [
       85.98703722346657,
       25.457144142522285
      ],
      [
       85.98591497466441,
       25.490549098892494
      ]
     ]
    ]
   }
  },
  {
   "type": "Feature",
   "id": "begusarai_bakhri",
   "properties": {
    "state": "Bihar",
    "district": "Begusarai",
    "block": "Bakhri",
    "fullName": "Bihar / Begusarai / Bakhri Block",
    "population": 240000,
    "area_sqkm": 307.8,
    "centroid": [
     86.22,
     25.56
    ],
    "bbox": [
     86.1259,
     25.4588,
     86.2965,
     25.6561
    ]
   },
   "geometry": {
    "type": "Polygon",
    "coordinates": [
     [
      [
       86.29647457685115,
       25.51994629961744
      ],
      [
       86.29342472646452,
       25.598189659433274
      ],
      [
       86.2482157003458,
       25.65605990296968
      ],
      [
       86.16017395622302,
       25.6409414894302
      ],
      [
       86.13450651120196,
       25.606898902034903
      ],
      [
       86.12594332940984,
       25.523159893121996
      ],
      [
       86.20343864531671,
       25.46442618843826
      ],
      [
       86.23622431107164,
       25.45882243883293
      ],
      [
       86.26632165768858,
       25.498604811537724
      ],
      [
       86.29647457685115,
       25.51994629961744
      ]
     ]
    ]
   }
  },
  {
   "type": "Feature",
   "id": "bhagalpur_nathnagar",
   "properties": {
    "state": "Bihar",
    "district": "Bhagalpur",
    "block": "Nathnagar",
    "fullName": "Bihar / Bhagalpur / Nathnagar Block",
    "population": 380000,
    "area_sqkm": 239.0,
    "centroid": [
     86.94,
     25.23
    ],
    "bbox": [
     86.858,
     25.1517,
     87.0196,
     25.3065
    ]
   },
   "geometry": {
    "type": "Polygon",
    "coordinates": [
     [
      [
       87.00990740575068,
       25.195722430411003
      ],
      [
       87.01962931409606,
       25.27545118191845
      ],
      [
       86.95295378778981,
       25.306508292674614
      ],
      [
       86.88653021398025,
       25.30479505414708
      ],
      [
       86.8753283273121,
       25.25742215529561
      ],
      [
       86.85796351758215,
       25.236108286086424
      ],
      [
       86.8632612888095,
       25.195900279053674
      ],
      [
       86.88333230302128,
       25.167008666586423
      ],
      [
       86.92529382298403,
       25.151669522515398
      ],
      [
       86.98398128218057,
       25.16775733906111
      ],
      [
       87.00990740575068,
       25.195722430411003
      ]
     ]
    ]
   }
  },
  {
   "type": "Feature",
   "id": "bhagalpur_jagdishpur_bhagalpur",
   "properties": {
    "state": "Bihar",
    "district": "Bhagalpur",
    "block": "Jagdishpur Bhagalpur",
    "fullName": "Bihar / Bhagalpur / Jagdishpur Bhagalpur Block",
    "population": 320000,
    "area_sqkm": 235.0,
    "centroid": [
     86.98,
     25.18
    ],
    "bbox": [
     86.9072,
     25.1004,
     87.0574,
     25.2621
    ]
   },
   "geometry": {
    "type": "Polygon",
    "coordinates": [
     [
      [
       87.05742999153775,
       25.17629923147787
      ],
      [
       87.03263770732785,
       25.252831694208325
      ],
      [
       86.99747960488824,
       25.26211745782009
      ],
      [
       86.92482752503672,
       25.24690656684381
      ],
      [
       86.90717746871749,
       25.181568887490158
      ],
      [
       86.92624839262858,
       25.11171127488999
      ],
      [
       86.96523798919428,
       25.100437191285515
      ],
      [
       86.99289025792113,
       25.10408081491974
      ],
      [
       87.05381521402137,
       25.137401706720244
      ],
      [
       87.05742999153775,
       25.17629923147787
      ]
     ]
    ]
   }
  },
  {
   "type": "Feature",
   "id": "bhagalpur_kahalgaon",
   "properties": {
    "state": "Bihar",
    "district": "Bhagalpur",
    "block": "Kahalgaon",
    "fullName": "Bihar / Bhagalpur / Kahalgaon Block",
    "population": 340000,
    "area_sqkm": 390.6,
    "centroid": [
     87.23,
     25.26
    ],
    "bbox": [
     87.122,
     25.1493,
     87.331,
     25.3562
    ]
   },
   "geometry": {
    "type": "Polygon",
    "coordinates": [
     [
      [
       87.33103514410878,
       25.213253110337504
      ],
      [
       87.31950006934515,
       25.3064918359142
      ],
      [
       87.29516486647891,
       25.34398913946943
      ],
      [
       87.20085501688479,
       25.356204851468505
      ],
      [
       87.16366480716863,
       25.350445886892587
      ],
      [
       87.12201620338116,
       25.254217122345437
      ],
      [
       87.14654805753379,
       25.220370206930355
      ],
      [
       87.15831745527437,
       25.175501159418463
      ],
      [
       87.24947304936752,
       25.14933873340951
      ],
      [
       87.29227029452109,
       25.192567432298905
      ],
      [
       87.33103514410878,
       25.213253110337504
      ]
     ]
    ]
   }
  },
  {
   "type": "Feature",
   "id": "bhagalpur_sultanganj",
   "properties": {
    "state": "Bihar",
    "district": "Bhagalpur",
    "block": "Sultanganj",
    "fullName": "Bihar / Bhagalpur / Sultanganj Block",
    "population": 280000,
    "area_sqkm": 311.5,
    "centroid": [
     86.74,
     25.24
    ],
    "bbox": [
     86.6388,
     25.1582,
     86.8382,
     25.3372
    ]
   },
   "geometry": {
    "type": "Polygon",
    "coordinates": [
     [
      [
       86.8382485223325,
       25.23668656340988
      ],
      [
       86.8286742932446,
       25.284929569110545
      ],
      [
       86.78924422802282,
       25.301485521240423
      ],
      [
       86.76674065117405,
       25.337227744076934
      ],
      [
       86.72219076390996,
       25.321875612222247
      ],
      [
       86.68295447565299,
       25.324076148947057
      ],
      [
       86.63880981302609,
       25.246422719956314
      ],
      [
       86.66016285933998,
       25.204633787235746
      ],
      [
       86.68411042070855,
       25.179574969863886
      ],
      [
       86.72208817565829,
       25.15819359132318
      ],
      [
       86.80325747060161,
       25.17196376845824
      ],
      [
       86.82703804536598,
       25.19746449177412
      ],
      [
       86.8382485223325,
       25.23668656340988
      ]
     ]
    ]
   }
  },
  {
   "type": "Feature",
   "id": "darbhanga_darbhanga_sadar",
   "properties": {
    "state": "Bihar",
    "district": "Darbhanga",
    "block": "Darbhanga Sadar",
    "fullName": "Bihar / Darbhanga / Darbhanga Sadar Block",
    "population": 480000,
    "area_sqkm": 291.7,
    "centroid": [
     85.9,
     26.15
    ],
    "bbox": [
     85.7979,
     26.0535,
     85.9897,
     26.2497
    ]
   },
   "geometry": {
    "type": "Polygon",
    "coordinates": [
     [
      [
       85.9897322034334,
       26.151616717469825
      ],
      [
       85.95706589262866,
       26.214650078690298
      ],
      [
       85.91682804258116,
       26.249744805251904
      ],
      [
       85.88780537349444,
       26.227237959188972
      ],
      [
       85.85203702896794,
       26.2164259651092
      ],
      [
       85.79789004739646,
       26.156567562221642
      ],
      [
       85.80978576096621,
       26.11258419604758
      ],
      [
       85.84736515798164,
       26.090512837689737
      ],
      [
       85.87190589946026,
       26.053496748289643
      ],
      [
       85.92579361266965,
       26.06716180399708
      ],
      [
       85.9560194654509,
       26.085561915345345
      ],
      [
       85.9897322034334,
       26.151616717469825
      ]
     ]
    ]
   }
  },
  {
   "type": "Feature",
   "id": "darbhanga_benipur",
   "properties": {
    "state": "Bihar",
    "district": "Darbhanga",
    "block": "Benipur",
    "fullName": "Bihar / Darbhanga / Benipur Block",
    "population": 320000,
    "area_sqkm": 258.6,
    "centroid": [
     86.13,
     26.14
    ],
    "bbox": [
     86.0332,
     26.0493,
     86.2141,
     26.2357
    ]
   },
   "geometry": {
    "type": "Polygon",
    "coordinates": [
     [
      [
       86.21412776987914,
       26.138395605525112
      ],
      [
       86.20045303061329,
       26.171966465051607
      ],
      [
       86.15362759531251,
       26.235688030265234
      ],
      [
       86.07915181518568,
       26.202625236880746
      ],
      [
       86.03323032404147,
       26.14589625911079
      ],
      [
       86.05511521134642,
       26.09877319985654
      ],
      [
       86.14839278061383,
       26.049296118529263
      ],
      [
       86.20725094665295,
       26.109998224601096
      ],
      [
       86.21412776987914,
       26.138395605525112
      ]
     ]
    ]
   }
  },
  {
   "type": "Feature",
   "id": "darbhanga_keoti",
   "properties": {
    "state": "Bihar",
    "district": "Darbhanga",
    "block": "Keoti",
    "fullName": "Bihar / Darbhanga / Keoti Block",
    "population": 290000,
    "area_sqkm": 304.0,
    "centroid": [
     85.95,
     26.27
    ],
    "bbox": [
     85.8543,
     26.1755,
     86.0369,
     26.3655
    ]
   },
   "geometry": {
    "type": "Polygon",
    "coordinates": [
     [
      [
       86.03690862458105,
       26.265654531711505
      ],
      [
       86.00677362298869,
       26.341067674432814
      ],
      [
       85.9679124776938,
       26.358971308912853
      ],
      [
       85.92412087870304,
       26.36545941384591
      ],
      [
       85.89827639314449,
       26.330311511557365
      ],
      [
       85.85864431161221,
       26.316904197536054
      ],
      [
       85.85430466868122,
       26.268506410107783
      ],
      [
       85.88178121174865,
       26.230569053314422
      ],
      [
       85.89080031580187,
       26.19050952246341
      ],
      [
       85.96592324238455,
       26.175488275458964
      ],
      [
       86.00853167767869,
       26.201397627664754
      ],
      [
       86.03690862458105,
       26.265654531711505
      ]
     ]
    ]
   }
  },
  {
   "type": "Feature",
   "id": "saran_chhapra_sadar",
   "properties": {
    "state": "Bihar",
    "district": "Saran",
    "block": "Chhapra Sadar",
    "fullName": "Bihar / Saran / Chhapra Sadar Block",
    "population": 440000,
    "area_sqkm": 280.4,
    "centroid": [
     84.75,
     25.78
    ],
    "bbox": [
     84.6554,
     25.6949,
     84.8363,
     25.8794
    ]
   },
   "geometry": {
    "type": "Polygon",
    "coordinates": [
     [
      [
       84.82863783973423,
       25.78489012685968
      ],
      [
       84.80252348307828,
       25.85313696722862
      ],
      [
       84.7626751304951,
       25.857994708345867
      ],
      [
       84.72769807418487,
       25.879428484614422
      ],
      [
       84.69440574151565,
       25.84850093345146
      ],
      [
       84.65544758517942,
       25.77457351038966
      ],
      [
       84.6731200779228,
       25.7367997801503
      ],
      [
       84.69840909122667,
       25.715242495954868
      ],
      [
       84.7717851901056,
       25.694863150872283
      ],
      [
       84.83630810067126,
       25.730338831195848
      ],
      [
       84.82863783973423,
       25.78489012685968
      ]
     ]
    ]
   }
  },
  {
   "type": "Feature",
   "id": "saran_sonpur",
   "properties": {
    "state": "Bihar",
    "district": "Saran",
    "block": "Sonpur",
    "fullName": "Bihar / Saran / Sonpur Block",
    "population": 280000,
    "area_sqkm": 244.1,
    "centroid": [
     85.18,
     25.7
    ],
    "bbox": [
     85.1037,
     25.616,
     85.269,
     25.7801
    ]
   },
   "geometry": {
    "type": "Polygon",
    "coordinates": [
     [
      [
       85.26904888767515,
       25.70061995845958
      ],
      [
       85.2643910798594,
       25.73343456387074
      ],
      [
       85.23330790767369,
       25.774349273052888
      ],
      [
       85.16250960091956,
       25.78012984278139
      ],
      [
       85.13557504771427,
       25.76307043163442
      ],
      [
       85.11671878871627,
       25.729473521339077
      ],
      [
       85.10564136751243,
       25.704696952025156
      ],
      [
       85.10369386991795,
       25.66897923488137
      ],
      [
       85.16380738286757,
       25.616042531324982
      ],
      [
       85.22872474101479,
       25.63641855259745
      ],
      [
       85.26904888767515,
       25.70061995845958
      ]
     ]
    ]
   }
  },
  {
   "type": "Feature",
   "id": "saran_marhaura",
   "properties": {
    "state": "Bihar",
    "district": "Saran",
    "block": "Marhaura",
    "fullName": "Bihar / Saran / Marhaura Block",
    "population": 310000,
    "area_sqkm": 304.3,
    "centroid": [
     84.87,
     25.97
    ],
    "bbox": [
     84.7901,
     25.8824,
     84.9539,
     26.0584
    ]
   },
   "geometry": {
    "type": "Polygon",
    "coordinates": [
     [
      [
       84.95385080983148,
       25.966356092391568
      ],
      [
       84.95339283821399,
       26.014254765234536
      ],
      [
       84.93143570820617,
       26.049149466777955
      ],
      [
       84.84459208791438,
       26.058433566142387
      ],
      [
       84.81061176418895,
       26.04390745904816
      ],
      [
       84.79005077119739,
       26.01556079163873
      ],
      [
       84.79255622664563,
       25.927995089533418
      ],
      [
       84.80781413377969,
       25.89117047557488
      ],
      [
       84.88823034135555,
       25.882437291940274
      ],
      [
       84.93224187768321,
       25.898340160141053
      ],
      [
       84.95385080983148,
       25.966356092391568
      ]
     ]
    ]
   }
  },
  {
   "type": "Feature",
   "id": "rohtas_sasaram",
   "properties": {
    "state": "Bihar",
    "district": "Rohtas",
    "block": "Sasaram",
    "fullName": "Bihar / Rohtas / Sasaram Block",
    "population": 420000,
    "area_sqkm": 342.6,
    "centroid": [
     84.03,
     24.95
    ],
    "bbox": [
     83.9359,
     24.8565,
     84.1283,
     25.0379
    ]
   },
   "geometry": {
    "type": "Polygon",
    "coordinates": [
     [
      [
       84.12827697536916,
       24.949133212682106
      ],
      [
       84.12380692811534,
       24.989715324928113
      ],
      [
       84.09994403303618,
       25.030874293552387
      ],
      [
       84.00957916994993,
       25.03786782989925
      ],
      [
       83.96516423392555,
       25.029016202195287
      ],
      [
       83.93589552924036,
       24.994114769232784
      ],
      [
       83.94309886676476,
       24.911055724476935
      ],
      [
       83.97097281242293,
       24.883269275080867
      ],
      [
       84.01421797227954,
       24.864420143385143
      ],
      [
       84.05551090475842,
       24.85645730862122
      ],
      [
       84.08396782679414,
       24.873341331201146
      ],
      [
       84.11584750392461,
       24.90981503759465
      ],
      [
       84.12827697536916,
       24.949133212682106
      ]
     ]
    ]
   }
  },
  {
   "type": "Feature",
   "id": "rohtas_dehri",
   "properties": {
    "state": "Bihar",
    "district": "Rohtas",
    "block": "Dehri",
    "fullName": "Bihar / Rohtas / Dehri Block",
    "population": 350000,
    "area_sqkm": 300.7,
    "centroid": [
     84.18,
     24.91
    ],
    "bbox": [
     84.0878,
     24.82,
     84.2579,
     25.0017
    ]
   },
   "geometry": {
    "type": "Polygon",
    "coordinates": [
     [
      [
       84.25787459722541,
       24.904334881055174
      ],
      [
       84.24711244664128,
       24.983009204258895
      ],
      [
       84.20543126573185,
       25.001734261457884
      ],
      [
       84.12445031607757,
       24.98352166070131
      ],
      [
       84.09447354645243,
       24.959054768555923
      ],
      [
       84.08782312753284,
       24.913538589803107
      ],
      [
       84.09391770867326,
       24.861485225228048
      ],
      [
       84.13449637097743,
       24.8464051710155
      ],
      [
       84.15345519178675,
       24.819987958523804
      ],
      [
       84.19287814564234,
       24.832999757767197
      ],
      [
       84.24182979018299,
       24.827675525356753
      ],
      [
       84.25787459722541,
       24.904334881055174
      ]
     ]
    ]
   }
  },
  {
   "type": "Feature",
   "id": "rohtas_bikramganj",
   "properties": {
    "state": "Bihar",
    "district": "Rohtas",
    "block": "Bikramganj",
    "fullName": "Bihar / Rohtas / Bikramganj Block",
    "population": 270000,
    "area_sqkm": 292.2,
    "centroid": [
     84.26,
     25.2
    ],
    "bbox": [
     84.165,
     25.1051,
     84.3505,
     25.2965
    ]
   },
   "geometry": {
    "type": "Polygon",
    "coordinates": [
     [
      [
       84.35049952458549,
       25.193625813222813
      ],
      [
       84.33579812261942,
       25.23803289468035
      ],
      [
       84.31336670883155,
       25.267157759618364
      ],
      [
       84.2745261770594,
       25.29646468555358
      ],
      [
       84.23939986001679,
       25.287962821442548
      ],
      [
       84.21314043735498,
       25.26218696048074
      ],
      [
       84.1650361696668,
       25.236827501689856
      ],
      [
       84.17448941575923,
       25.164523740314607
      ],
      [
       84.2089900714815,
       25.141769749289598
      ],
      [
       84.23389308413253,
       25.112482489406005
      ],
      [
       84.28482154507857,
       25.105055542136345
      ],
      [
       84.35049952458549,
       25.193625813222813
      ]
     ]
    ]
   }
  },
  {
   "type": "Feature",
   "id": "jehanabad_jehanabad_sadar",
   "properties": {
    "state": "Bihar",
    "district": "Jehanabad",
    "block": "Jehanabad Sadar",
    "fullName": "Bihar / Jehanabad / Jehanabad Sadar Block",
    "population": 290000,
    "area_sqkm": 292.8,
    "centroid": [
     84.99,
     25.21
    ],
    "bbox": [
     84.8972,
     25.116,
     85.0886,
     25.2936
    ]
   },
   "geometry": {
    "type": "Polygon",
    "coordinates": [
     [
      [
       85.08859538352517,
       25.20678957647062
      ],
      [
       85.0453109547713,
       25.27937537535051
      ],
      [
       84.96888822601747,
       25.29358513134401
      ],
      [
       84.89715119326081,
       25.21579392444081
      ],
      [
       84.90522511655996,
       25.17025555109791
      ],
      [
       84.96517508596318,
       25.116027281545886
      ],
      [
       85.05141213017463,
       25.130747686558017
      ],
      [
       85.08859538352517,
       25.20678957647062
      ]
     ]
    ]
   }
  },
  {
   "type": "Feature",
   "id": "jehanabad_kako",
   "properties": {
    "state": "Bihar",
    "district": "Jehanabad",
    "block": "Kako",
    "fullName": "Bihar / Jehanabad / Kako Block",
    "population": 210000,
    "area_sqkm": 246.4,
    "centroid": [
     84.9,
     25.26
    ],
    "bbox": [
     84.8098,
     25.1699,
     84.9799,
     25.339
    ]
   },
   "geometry": {
    "type": "Polygon",
    "coordinates": [
     [
      [
       84.97331947598629,
       25.254593802529207
      ],
      [
       84.97988763506591,
       25.29612951412568
      ],
      [
       84.95029520159716,
       25.31823148787299
      ],
      [
       84.87930128049913,
       25.33895842962601
      ],
      [
       84.84542163973109,
       25.326958630963414
      ],
      [
       84.80983504004433,
       25.26175626881908
      ],
      [
       84.82485072975433,
       25.2280765374576
      ],
      [
       84.85561762538968,
       25.20733218999455
      ],
      [
       84.87925468165228,
       25.177916449620128
      ],
      [
       84.91491882537044,
       25.169860002625224
      ],
      [
       84.9470890445421,
       25.202340618849057
      ],
      [
       84.97943933520102,
       25.219126627530645
      ],
      [
       84.97331947598629,
       25.254593802529207
      ]
     ]
    ]
   }
  },
  {
   "type": "Feature",
   "id": "jehanabad_ghoshi",
   "properties": {
    "state": "Bihar",
    "district": "Jehanabad",
    "block": "Ghoshi",
    "fullName": "Bihar / Jehanabad / Ghoshi Block",
    "population": 200000,
    "area_sqkm": 233.9,
    "centroid": [
     85.1,
     25.16
    ],
    "bbox": [
     85.0205,
     25.0784,
     85.1861,
     25.2398
    ]
   },
   "geometry": {
    "type": "Polygon",
    "coordinates": [
     [
      [
       85.18612788166418,
       25.163093490883547
      ],
      [
       85.16803026960429,
       25.19777630517158
      ],
      [
       85.12013577014702,
       25.235733670248585
      ],
      [
       85.07649865414125,
       25.239807742469083
      ],
      [
       85.02052089230462,
       25.20098703415725
      ],
      [
       85.04109032399701,
       25.095864102991467
      ],
      [
       85.07815561470498,
       25.078392446806827
      ],
      [
       85.14370633338292,
       25.095899867663277
      ],
      [
       85.18612788166418,
       25.163093490883547
      ]
     ]
    ]
   }
  },
  {
   "type": "Feature",
   "id": "arwal_arwal_sadar",
   "properties": {
    "state": "Bihar",
    "district": "Arwal",
    "block": "Arwal Sadar",
    "fullName": "Bihar / Arwal / Arwal Sadar Block",
    "population": 180000,
    "area_sqkm": 322.4,
    "centroid": [
     84.68,
     25.08
    ],
    "bbox": [
     84.5766,
     24.983,
     84.7696,
     25.1762
    ]
   },
   "geometry": {
    "type": "Polygon",
    "coordinates": [
     [
      [
       84.76963629018753,
       25.07722673448314
      ],
      [
       84.76087421578299,
       25.11617174525056
      ],
      [
       84.7050500877067,
       25.17334229031116
      ],
      [
       84.66543168855507,
       25.176193187019923
      ],
      [
       84.62646763981037,
       25.152701525191013
      ],
      [
       84.57662331264349,
       25.076145674505163
      ],
      [
       84.5971669075259,
       25.03169186389239
      ],
      [
       84.6238569720715,
       24.999682745396605
      ],
      [
       84.66512170682935,
       25.002515759028366
      ],
      [
       84.70385817439261,
       24.983041209036816
      ],
      [
       84.7430008051332,
       24.998704676538928
      ],
      [
       84.76963629018753,
       25.07722673448314
      ]
     ]
    ]
   }
  },
  {
   "type": "Feature",
   "id": "arwal_kurtha",
   "properties": {
    "state": "Bihar",
    "district": "Arwal",
    "block": "Kurtha",
    "fullName": "Bihar / Arwal / Kurtha Block",
    "population": 150000,
    "area_sqkm": 260.7,
    "centroid": [
     84.75,
     25.05
    ],
    "bbox": [
     84.6594,
     24.9648,
     84.8336,
     25.1296
    ]
   },
   "geometry": {
    "type": "Polygon",
    "coordinates": [
     [
      [
       84.8336449025704,
       25.012445255644945
      ],
      [
       84.8269474294363,
       25.081840064825688
      ],
      [
       84.79996971456394,
       25.105714402090253
      ],
      [
       84.73010766616468,
       25.129637448744575
      ],
      [
       84.6935416150001,
       25.113819775525428
      ],
      [
       84.67234171959647,
       25.09455029402938
      ],
      [
       84.65943896160556,
       25.051268272306675
      ],
      [
       84.67283692183268,
       25.015749663176106
      ],
      [
       84.69746049599088,
       24.9816031016403
      ],
      [
       84.72598027278698,
       24.96476042174372
      ],
      [
       84.77307654510012,
       24.970874080417044
      ],
      [
       84.8336449025704,
       25.012445255644945
      ]
     ]
    ]
   }
  },
  {
   "type": "Feature",
   "id": "nawada_nawada_sadar",
   "properties": {
    "state": "Bihar",
    "district": "Nawada",
    "block": "Nawada Sadar",
    "fullName": "Bihar / Nawada / Nawada Sadar Block",
    "population": 310000,
    "area_sqkm": 313.7,
    "centroid": [
     85.54,
     24.89
    ],
    "bbox": [
     85.4397,
     24.7933,
     85.6341,
     24.977
    ]
   },
   "geometry": {
    "type": "Polygon",
    "coordinates": [
     [
      [
       85.62591847616889,
       24.895602947626426
      ],
      [
       85.60015207905387,
       24.959343849901853
      ],
      [
       85.56604474594184,
       24.97701179395131
      ],
      [
       85.4873022716737,
       24.964691294924233
      ],
      [
       85.43972279884863,
       24.892927587465266
      ],
      [
       85.46544048968322,
       24.861164676173555
      ],
      [
       85.47815103080339,
       24.808555886242736
      ],
      [
       85.5218263436426,
       24.79333473001814
      ],
      [
       85.56074722074084,
       24.795036118126305
      ],
      [
       85.6340861873489,
       24.84978199366172
      ],
      [
       85.62591847616889,
       24.895602947626426
      ]
     ]
    ]
   }
  },
  {
   "type": "Feature",
   "id": "nawada_warsaliganj",
   "properties": {
    "state": "Bihar",
    "district": "Nawada",
    "block": "Warsaliganj",
    "fullName": "Bihar / Nawada / Warsaliganj Block",
    "population": 240000,
    "area_sqkm": 327.2,
    "centroid": [
     85.42,
     24.97
    ],
    "bbox": [
     85.3269,
     24.871,
     85.5061,
     25.0685
    ]
   },
   "geometry": {
    "type": "Polygon",
    "coordinates": [
     [
      [
       85.50609826286544,
       24.970134962072475
      ],
      [
       85.50230339885546,
       25.017687843134993
      ],
      [
       85.47669007979734,
       25.051067409867102
      ],
      [
       85.44726608068434,
       25.06828734860761
      ],
      [
       85.40323069644401,
       25.068461284876246
      ],
      [
       85.3663425327724,
       25.03732041220464
      ],
      [
       85.35013772244154,
       25.0095027058675
      ],
      [
       85.32687622990554,
       24.96638126972774
      ],
      [
       85.32995440130834,
       24.934530282578713
      ],
      [
       85.35377483513254,
       24.89519600535723
      ],
      [
       85.39306165738243,
       24.870961538436884
      ],
      [
       85.44232623139347,
       24.876305118995713
      ],
      [
       85.4969266688753,
       24.93054725788067
      ],
      [
       85.50609826286544,
       24.970134962072475
      ]
     ]
    ]
   }
  },
  {
   "type": "Feature",
   "id": "nawada_hisua",
   "properties": {
    "state": "Bihar",
    "district": "Nawada",
    "block": "Hisua",
    "fullName": "Bihar / Nawada / Hisua Block",
    "population": 220000,
    "area_sqkm": 307.9,
    "centroid": [
     85.38,
     24.8
    ],
    "bbox": [
     85.2875,
     24.7099,
     85.4806,
     24.8902
    ]
   },
   "geometry": {
    "type": "Polygon",
    "coordinates": [
     [
      [
       85.48061800849183,
       24.803116661692307
      ],
      [
       85.44841146098193,
       24.83583214499184
      ],
      [
       85.4392836764102,
       24.868343332556833
      ],
      [
       85.35555742503139,
       24.890195298143436
      ],
      [
       85.33325421737665,
       24.86544659935327
      ],
      [
       85.29036054542337,
       24.836994008955987
      ],
      [
       85.28749557913,
       24.757734434537618
      ],
      [
       85.32384442977819,
       24.728532199158177
      ],
      [
       85.3684497537286,
       24.723052467848273
      ],
      [
       85.39357623441549,
       24.709907706845414
      ],
      [
       85.44474880455287,
       24.72064093338627
      ],
      [
       85.48061800849183,
       24.803116661692307
      ]
     ]
    ]
   }
  },
  {
   "type": "Feature",
   "id": "nawada_akbarpur",
   "properties": {
    "state": "Bihar",
    "district": "Nawada",
    "block": "Akbarpur",
    "fullName": "Bihar / Nawada / Akbarpur Block",
    "population": 230000,
    "area_sqkm": 295.2,
    "centroid": [
     85.65,
     24.96
    ],
    "bbox": [
     85.5608,
     24.8666,
     85.7519,
     25.042
    ]
   },
   "geometry": {
    "type": "Polygon",
    "coordinates": [
     [
      [
       85.75191840896566,
       24.959153136371427
      ],
      [
       85.71015983492445,
       25.03635964891475
      ],
      [
       85.66986711575352,
       25.03431791524785
      ],
      [
       85.6345269709491,
       25.04198942669694
      ],
      [
       85.56075245600978,
       25.006991407930148
      ],
      [
       85.57029609010185,
       24.925459797738853
      ],
      [
       85.60202527801681,
       24.88906426035128
      ],
      [
       85.63492870689628,
       24.866633439504096
      ],
      [
       85.67217995057372,
       24.883853889712505
      ],
      [
       85.70552559027777,
       24.88652191220398
      ],
      [
       85.75191840896566,
       24.959153136371427
      ]
     ]
    ]
   }
  },
  {
   "type": "Feature",
   "id": "sheikhpura_sheikhpura_sadar",
   "properties": {
    "state": "Bihar",
    "district": "Sheikhpura",
    "block": "Sheikhpura Sadar",
    "fullName": "Bihar / Sheikhpura / Sheikhpura Sadar Block",
    "population": 190000,
    "area_sqkm": 327.0,
    "centroid": [
     85.85,
     25.14
    ],
    "bbox": [
     85.7498,
     25.0392,
     85.9498,
     25.2249
    ]
   },
   "geometry": {
    "type": "Polygon",
    "coordinates": [
     [
      [
       85.94980428978846,
       25.14536529610428
      ],
      [
       85.90962662102166,
       25.220575955877553
      ],
      [
       85.8702681940332,
       25.224931484598574
      ],
      [
       85.8306553393305,
       25.224114335593686
      ],
      [
       85.76375772189166,
       25.173360011587015
      ],
      [
       85.74980832689246,
       25.146382093958522
      ],
      [
       85.79045888887788,
       25.061773730218206
      ],
      [
       85.83071688244351,
       25.039240389938776
      ],
      [
       85.87476513048996,
       25.045680030799975
      ],
      [
       85.90900621841848,
       25.07292375855766
      ],
      [
       85.93852552075958,
       25.102447868986165
      ],
      [
       85.94980428978846,
       25.14536529610428
      ]
     ]
    ]
   }
  },
  {
   "type": "Feature",
   "id": "sheikhpura_barbigha",
   "properties": {
    "state": "Bihar",
    "district": "Sheikhpura",
    "block": "Barbigha",
    "fullName": "Bihar / Sheikhpura / Barbigha Block",
    "population": 160000,
    "area_sqkm": 229.6,
    "centroid": [
     85.75,
     25.02
    ],
    "bbox": [
     85.6701,
     24.9311,
     85.8326,
     25.1004
    ]
   },
   "geometry": {
    "type": "Polygon",
    "coordinates": [
     [
      [
       85.83262104927898,
       25.023153238295325
      ],
      [
       85.80318350318234,
       25.091248034977088
      ],
      [
       85.72531083899615,
       25.10036389114694
      ],
      [
       85.70956209118312,
       25.075487111207835
      ],
      [
       85.6701208298543,
       25.057280911707053
      ],
      [
       85.68545956449394,
       24.989532695451356
      ],
      [
       85.70125545638311,
       24.9621149745154
      ],
      [
       85.73836090829796,
       24.9510757413577
      ],
      [
       85.76366625471783,
       24.93105448401903
      ],
      [
       85.82177848223309,
       24.98897137757894
      ],
      [
       85.83262104927898,
       25.023153238295325
      ]
     ]
    ]
   }
  },
  {
   "type": "Feature",
   "id": "jamui_jamui_sadar",
   "properties": {
    "state": "Bihar",
    "district": "Jamui",
    "block": "Jamui Sadar",
    "fullName": "Bihar / Jamui / Jamui Sadar Block",
    "population": 260000,
    "area_sqkm": 272.8,
    "centroid": [
     86.22,
     24.92
    ],
    "bbox": [
     86.1381,
     24.8237,
     86.3025,
     25.0082
    ]
   },
   "geometry": {
    "type": "Polygon",
    "coordinates": [
     [
      [
       86.30250835546843,
       24.917120846144023
      ],
      [
       86.27506318701845,
       24.995676384352503
      ],
      [
       86.19770520924689,
       25.008189463501616
      ],
      [
       86.165782256417,
       24.988919762777243
      ],
      [
       86.13806380309805,
       24.92055591705366
      ],
      [
       86.16255122243419,
       24.8486705447455
      ],
      [
       86.19453492930707,
       24.823698533305194
      ],
      [
       86.24138796449296,
       24.82918238418968
      ],
      [
       86.29277171268832,
       24.88959677432026
      ],
      [
       86.30250835546843,
       24.917120846144023
      ]
     ]
    ]
   }
  },
  {
   "type": "Feature",
   "id": "jamui_jhajha",
   "properties": {
    "state": "Bihar",
    "district": "Jamui",
    "block": "Jhajha",
    "fullName": "Bihar / Jamui / Jhajha Block",
    "population": 220000,
    "area_sqkm": 350.2,
    "centroid": [
     86.38,
     24.75
    ],
    "bbox": [
     86.2723,
     24.6404,
     86.4654,
     24.8559
    ]
   },
   "geometry": {
    "type": "Polygon",
    "coordinates": [
     [
      [
       86.46536805883974,
       24.753067669433083
      ],
      [
       86.43897141917705,
       24.8236731380108
      ],
      [
       86.4068953163567,
       24.855882264989873
      ],
      [
       86.36249345103852,
       24.851472744041303
      ],
      [
       86.3197391195155,
       24.81437312053879
      ],
      [
       86.27229480387938,
       24.7427508597128
      ],
      [
       86.3475093452876,
       24.640557459068727
      ],
      [
       86.3971837442333,
       24.640358472874674
      ],
      [
       86.44140885520756,
       24.672328466895472
      ],
      [
       86.46536805883974,
       24.753067669433083
      ]
     ]
    ]
   }
  },
  {
   "type": "Feature",
   "id": "jamui_chakai",
   "properties": {
    "state": "Bihar",
    "district": "Jamui",
    "block": "Chakai",
    "fullName": "Bihar / Jamui / Chakai Block",
    "population": 180000,
    "area_sqkm": 371.8,
    "centroid": [
     86.48,
     24.62
    ],
    "bbox": [
     86.3799,
     24.5125,
     86.5848,
     24.7111
    ]
   },
   "geometry": {
    "type": "Polygon",
    "coordinates": [
     [
      [
       86.58477321631938,
       24.628258679231948
      ],
      [
       86.55857236253867,
       24.653705921790092
      ],
      [
       86.53643389882328,
       24.69826496097248
      ],
      [
       86.50404477024236,
       24.707152616358826
      ],
      [
       86.4661529158974,
       24.711133890525836
      ],
      [
       86.37985727940912,
       24.66896282316564
      ],
      [
       86.39015552200796,
       24.574258993186337
      ],
      [
       86.41677206569254,
       24.53396768587854
      ],
      [
       86.4617345004352,
       24.514740897448554
      ],
      [
       86.50022152611952,
       24.512456339302204
      ],
      [
       86.54031395303268,
       24.53906902576323
      ],
      [
       86.57442147497187,
       24.581231316587
      ],
      [
       86.58477321631938,
       24.628258679231948
      ]
     ]
    ]
   }
  },
  {
   "type": "Feature",
   "id": "lakhisarai_lakhisarai_sadar",
   "properties": {
    "state": "Bihar",
    "district": "Lakhisarai",
    "block": "Lakhisarai Sadar",
    "fullName": "Bihar / Lakhisarai / Lakhisarai Sadar Block",
    "population": 190000,
    "area_sqkm": 315.5,
    "centroid": [
     86.09,
     25.17
    ],
    "bbox": [
     85.9939,
     25.0834,
     86.1926,
     25.2624
    ]
   },
   "geometry": {
    "type": "Polygon",
    "coordinates": [
     [
      [
       86.19255518026313,
       25.17640186852387
      ],
      [
       86.15223405547141,
       25.24540736195281
      ],
      [
       86.06705176793749,
       25.26236941627076
      ],
      [
       85.99998490273066,
       25.219409493838974
      ],
      [
       85.99391747304392,
       25.162439033785983
      ],
      [
       86.00585651159062,
       25.132933459830955
      ],
      [
       86.07053701503796,
       25.08389829352782
      ],
      [
       86.11634843284138,
       25.083437609339533
      ],
      [
       86.16700831038227,
       25.131414323024053
      ],
      [
       86.19255518026313,
       25.17640186852387
      ]
     ]
    ]
   }
  },
  {
   "type": "Feature",
   "id": "lakhisarai_barahiya",
   "properties": {
    "state": "Bihar",
    "district": "Lakhisarai",
    "block": "Barahiya",
    "fullName": "Bihar / Lakhisarai / Barahiya Block",
    "population": 170000,
    "area_sqkm": 235.4,
    "centroid": [
     86.06,
     25.28
    ],
    "bbox": [
     85.9775,
     25.2057,
     86.1431,
     25.366
    ]
   },
   "geometry": {
    "type": "Polygon",
    "coordinates": [
     [
      [
       86.14308788812046,
       25.279902731466326
      ],
      [
       86.13467566204993,
       25.32043973413398
      ],
      [
       86.04458144526761,
       25.366030633863552
      ],
      [
       85.98728346159761,
       25.31702969815095
      ],
      [
       85.97745861276475,
       25.281243751815012
      ],
      [
       85.98014717339709,
       25.248118650415673
      ],
      [
       86.04072511743112,
       25.205687513482108
      ],
      [
       86.11531114297011,
       25.21384378942842
      ],
      [
       86.14308788812046,
       25.279902731466326
      ]
     ]
    ]
   }
  },
  {
   "type": "Feature",
   "id": "munger_munger_sadar",
   "properties": {
    "state": "Bihar",
    "district": "Munger",
    "block": "Munger Sadar",
    "fullName": "Bihar / Munger / Munger Sadar Block",
    "population": 260000,
    "area_sqkm": 309.3,
    "centroid": [
     86.47,
     25.39
    ],
    "bbox": [
     86.3757,
     25.3003,
     86.5625,
     25.4897
    ]
   },
   "geometry": {
    "type": "Polygon",
    "coordinates": [
     [
      [
       86.54872236046805,
       25.392448442030393
      ],
      [
       86.56251352133222,
       25.42611260323521
      ],
      [
       86.49126739313716,
       25.48268091101187
      ],
      [
       86.44254307033584,
       25.489738002602017
      ],
      [
       86.41168892998883,
       25.470423240735908
      ],
      [
       86.39710922315005,
       25.419994598883132
      ],
      [
       86.3757074707974,
       25.385597139988345
      ],
      [
       86.38694017122842,
       25.352270945524868
      ],
      [
       86.44652946885795,
       25.30835463899122
      ],
      [
       86.49307037562996,
       25.30032041127985
      ],
      [
       86.55763597724984,
       25.33955072476057
      ],
      [
       86.54872236046805,
       25.392448442030393
      ]
     ]
    ]
   }
  },
  {
   "type": "Feature",
   "id": "munger_jamalpur",
   "properties": {
    "state": "Bihar",
    "district": "Munger",
    "block": "Jamalpur",
    "fullName": "Bihar / Munger / Jamalpur Block",
    "population": 230000,
    "area_sqkm": 313.4,
    "centroid": [
     86.34,
     25.31
    ],
    "bbox": [
     86.2535,
     25.2138,
     86.4233,
     25.409
    ]
   },
   "geometry": {
    "type": "Polygon",
    "coordinates": [
     [
      [
       86.42206250535266,
       25.31589753246866
      ],
      [
       86.39893149934412,
       25.389663529797136
      ],
      [
       86.3538723154367,
       25.394462421467583
      ],
      [
       86.32393910677219,
       25.409029782500756
      ],
      [
       86.2728756978238,
       25.381959099891166
      ],
      [
       86.25345174799438,
       25.348917399769437
      ],
      [
       86.27778908778008,
       25.233631110303538
      ],
      [
       86.36797223061801,
       25.2137946625998
      ],
      [
       86.40594517940374,
       25.236120215934527
      ],
      [
       86.42330626407676,
       25.27203145398195
      ],
      [
       86.42206250535266,
       25.31589753246866
      ]
     ]
    ]
   }
  },
  {
   "type": "Feature",
   "id": "varanasi_varanasi_sadar",
   "properties": {
    "state": "Uttar Pradesh",
    "district": "Varanasi",
    "block": "Varanasi Sadar",
    "fullName": "Uttar Pradesh / Varanasi / Varanasi Sadar Block",
    "population": 520000,
    "area_sqkm": 295.5,
    "centroid": [
     82.97,
     25.32
    ],
    "bbox": [
     82.8773,
     25.2241,
     83.0651,
     25.4079
    ]
   },
   "geometry": {
    "type": "Polygon",
    "coordinates": [
     [
      [
       83.06511250604264,
       25.312835753653317
      ],
      [
       83.04315895119394,
       25.360479605576053
      ],
      [
       82.99717397661378,
       25.407926982574235
      ],
      [
       82.95662898611239,
       25.40081774290672
      ],
      [
       82.91457679206935,
       25.381162364200314
      ],
      [
       82.89370262682303,
       25.351786628370153
      ],
      [
       82.87730158064952,
       25.278961444549463
      ],
      [
       82.98767068470777,
       25.22406603700777
      ],
      [
       83.03440702079996,
       25.245316177060925
      ],
      [
       83.06066005407386,
       25.27560551083998
      ],
      [
       83.06511250604264,
       25.312835753653317
      ]
     ]
    ]
   }
  },
  {
   "type": "Feature",
   "id": "varanasi_pindra",
   "properties": {
    "state": "Uttar Pradesh",
    "district": "Varanasi",
    "block": "Pindra",
    "fullName": "Uttar Pradesh / Varanasi / Pindra Block",
    "population": 340000,
    "area_sqkm": 316.7,
    "centroid": [
     82.85,
     25.48
    ],
    "bbox": [
     82.755,
     25.3806,
     82.9465,
     25.5742
    ]
   },
   "geometry": {
    "type": "Polygon",
    "coordinates": [
     [
      [
       82.946548630177,
       25.480143627110856
      ],
      [
       82.87040617588934,
       25.574165140615058
      ],
      [
       82.79312211679625,
       25.5576540049905
      ],
      [
       82.7723466915869,
       25.523011472012286
      ],
      [
       82.75497908972962,
       25.4422220893183
      ],
      [
       82.83567993136108,
       25.38357244598852
      ],
      [
       82.86731387740372,
       25.380585365533832
      ],
      [
       82.91532243556412,
       25.400981520097602
      ],
      [
       82.946548630177,
       25.480143627110856
      ]
     ]
    ]
   }
  },
  {
   "type": "Feature",
   "id": "gorakhpur_gorakhpur_sadar",
   "properties": {
    "state": "Uttar Pradesh",
    "district": "Gorakhpur",
    "block": "Gorakhpur Sadar",
    "fullName": "Uttar Pradesh / Gorakhpur / Gorakhpur Sadar Block",
    "population": 560000,
    "area_sqkm": 359.8,
    "centroid": [
     83.37,
     26.76
    ],
    "bbox": [
     83.2757,
     26.6589,
     83.4794,
     26.8652
    ]
   },
   "geometry": {
    "type": "Polygon",
    "coordinates": [
     [
      [
       83.47942293723843,
       26.764426947925617
      ],
      [
       83.43974024852378,
       26.839727462536047
      ],
      [
       83.34478874510674,
       26.86520161113451
      ],
      [
       83.31707324862926,
       26.82879324712849
      ],
      [
       83.27566506443038,
       26.811892184763966
      ],
      [
       83.2763728961554,
       26.754742268200022
      ],
      [
       83.30478918192718,
       26.682026094844435
      ],
      [
       83.35112549366937,
       26.658863676372032
      ],
      [
       83.39295705448471,
       26.666901382746147
      ],
      [
       83.42507845149673,
       26.69247980557837
      ],
      [
       83.47942293723843,
       26.764426947925617
      ]
     ]
    ]
   }
  },
  {
   "type": "Feature",
   "id": "gorakhpur_sahjanwa",
   "properties": {
    "state": "Uttar Pradesh",
    "district": "Gorakhpur",
    "block": "Sahjanwa",
    "fullName": "Uttar Pradesh / Gorakhpur / Sahjanwa Block",
    "population": 310000,
    "area_sqkm": 301.3,
    "centroid": [
     83.21,
     26.77
    ],
    "bbox": [
     83.1125,
     26.6805,
     83.298,
     26.859
    ]
   },
   "geometry": {
    "type": "Polygon",
    "coordinates": [
     [
      [
       83.2963465841806,
       26.769371358596306
      ],
      [
       83.29800494936048,
       26.811184072040888
      ],
      [
       83.26265758208756,
       26.84250579994364
      ],
      [
       83.19529349860359,
       26.8589895572131
      ],
      [
       83.14620481495734,
       26.840237809360673
      ],
      [
       83.11655091540261,
       26.808525528550547
      ],
      [
       83.1125334223468,
       26.77392967340108
      ],
      [
       83.15059331383125,
       26.706524119570446
      ],
      [
       83.23205452630668,
       26.680543211035154
      ],
      [
       83.26338058819341,
       26.691541162165
      ],
      [
       83.2963465841806,
       26.769371358596306
      ]
     ]
    ]
   }
  },
  {
   "type": "Feature",
   "id": "ballia_ballia_sadar",
   "properties": {
    "state": "Uttar Pradesh",
    "district": "Ballia",
    "block": "Ballia Sadar",
    "fullName": "Uttar Pradesh / Ballia / Ballia Sadar Block",
    "population": 410000,
    "area_sqkm": 311.3,
    "centroid": [
     84.15,
     25.76
    ],
    "bbox": [
     84.0496,
     25.6654,
     84.2273,
     25.8585
    ]
   },
   "geometry": {
    "type": "Polygon",
    "coordinates": [
     [
      [
       84.22734462206552,
       25.721159980257557
      ],
      [
       84.2265586865299,
       25.804443825363
      ],
      [
       84.16405085887295,
       25.850068692281408
      ],
      [
       84.13298976159095,
       25.858453663360518
      ],
      [
       84.05443892986395,
       25.79744386911235
      ],
      [
       84.04963446602649,
       25.754768141820602
      ],
      [
       84.09731470950031,
       25.684150003730736
      ],
      [
       84.1718733198363,
       25.665378870450905
      ],
      [
       84.21146429687505,
       25.684109844389955
      ],
      [
       84.22734462206552,
       25.721159980257557
      ]
     ]
    ]
   }
  },
  {
   "type": "Feature",
   "id": "ballia_rasra",
   "properties": {
    "state": "Uttar Pradesh",
    "district": "Ballia",
    "block": "Rasra",
    "fullName": "Uttar Pradesh / Ballia / Rasra Block",
    "population": 320000,
    "area_sqkm": 284.4,
    "centroid": [
     83.85,
     25.85
    ],
    "bbox": [
     83.755,
     25.7576,
     83.9518,
     25.9365
    ]
   },
   "geometry": {
    "type": "Polygon",
    "coordinates": [
     [
      [
       83.95183198657179,
       25.852386781169287
      ],
      [
       83.92099541419829,
       25.88488517304372
      ],
      [
       83.9005224948233,
       25.921615053855586
      ],
      [
       83.87625121503662,
       25.936478725439986
      ],
      [
       83.83082917054205,
       25.927587859431075
      ],
      [
       83.79268182587568,
       25.912001799202876
      ],
      [
       83.7775862422562,
       25.887150960013773
      ],
      [
       83.75498517532269,
       25.81305298387849
      ],
      [
       83.78808193988529,
       25.775738549452228
      ],
      [
       83.86692857404192,
       25.757648616751034
      ],
      [
       83.95183198657179,
       25.852386781169287
      ]
     ]
    ]
   }
  },
  {
   "type": "Feature",
   "id": "kolkata_kolkata_core",
   "properties": {
    "state": "West Bengal",
    "district": "Kolkata",
    "block": "Kolkata Core",
    "fullName": "West Bengal / Kolkata / Kolkata Core Block",
    "population": 850000,
    "area_sqkm": 303.9,
    "centroid": [
     88.36,
     22.57
    ],
    "bbox": [
     88.2718,
     22.4922,
     88.4478,
     22.6585
    ]
   },
   "geometry": {
    "type": "Polygon",
    "coordinates": [
     [
      [
       88.44643271453228,
       22.566214504119174
      ],
      [
       88.44783497110036,
       22.61640503344897
      ],
      [
       88.41958753176212,
       22.6511392574189
      ],
      [
       88.33816191978798,
       22.65851508998308
      ],
      [
       88.29783769474034,
       22.652641084834706
      ],
      [
       88.27654845633371,
       22.616952714606725
      ],
      [
       88.27184519106312,
       22.519323488100543
      ],
      [
       88.3389305972692,
       22.492175759121295
      ],
      [
       88.41303613722269,
       22.49988713018085
      ],
      [
       88.44643271453228,
       22.566214504119174
      ]
     ]
    ]
   }
  },
  {
   "type": "Feature",
   "id": "kolkata_alipore",
   "properties": {
    "state": "West Bengal",
    "district": "Kolkata",
    "block": "Alipore",
    "fullName": "West Bengal / Kolkata / Alipore Block",
    "population": 620000,
    "area_sqkm": 251.5,
    "centroid": [
     88.33,
     22.53
    ],
    "bbox": [
     88.2472,
     22.4448,
     88.4104,
     22.6184
    ]
   },
   "geometry": {
    "type": "Polygon",
    "coordinates": [
     [
      [
       88.41037740140678,
       22.536294814271614
      ],
      [
       88.37960785756864,
       22.598955334151192
      ],
      [
       88.3558241635804,
       22.61784419661972
      ],
      [
       88.31208600128784,
       22.61836232776546
      ],
      [
       88.24719692913449,
       22.56779017166588
      ],
      [
       88.25765223335578,
       22.4928473566714
      ],
      [
       88.2833544820854,
       22.465452750821704
      ],
      [
       88.35316229650796,
       22.444754203803008
      ],
      [
       88.3815750415406,
       22.471455788091895
      ],
      [
       88.41037740140678,
       22.536294814271614
      ]
     ]
    ]
   }
  },
  {
   "type": "Feature",
   "id": "howrah_howrah_sadar",
   "properties": {
    "state": "West Bengal",
    "district": "Howrah",
    "block": "Howrah Sadar",
    "fullName": "West Bengal / Howrah / Howrah Sadar Block",
    "population": 680000,
    "area_sqkm": 233.2,
    "centroid": [
     88.31,
     22.59
    ],
    "bbox": [
     88.2393,
     22.504,
     88.3976,
     22.6762
    ]
   },
   "geometry": {
    "type": "Polygon",
    "coordinates": [
     [
      [
       88.3975981632524,
       22.588627375795625
      ],
      [
       88.38441765930216,
       22.623027821326847
      ],
      [
       88.35179914898812,
       22.645566660036263
      ],
      [
       88.33434405685382,
       22.674951400754328
      ],
      [
       88.28603525423519,
       22.676189841890242
      ],
      [
       88.24431042633735,
       22.623367455018094
      ],
      [
       88.2393287756304,
       22.54924592139238
      ],
      [
       88.29384830173828,
       22.51678161756646
      ],
      [
       88.33529649495368,
       22.504025185400387
      ],
      [
       88.36209444394238,
       22.52615934149831
      ],
      [
       88.37205738774811,
       22.557200358825416
      ],
      [
       88.3975981632524,
       22.588627375795625
      ]
     ]
    ]
   }
  },
  {
   "type": "Feature",
   "id": "howrah_bally",
   "properties": {
    "state": "West Bengal",
    "district": "Howrah",
    "block": "Bally",
    "fullName": "West Bengal / Howrah / Bally Block",
    "population": 410000,
    "area_sqkm": 183.0,
    "centroid": [
     88.34,
     22.65
    ],
    "bbox": [
     88.267,
     22.5719,
     88.4069,
     22.7192
    ]
   },
   "geometry": {
    "type": "Polygon",
    "coordinates": [
     [
      [
       88.40691080106718,
       22.651878680168462
      ],
      [
       88.40398575198242,
       22.675216489998437
      ],
      [
       88.38522353329493,
       22.699817703132716
      ],
      [
       88.35967900928885,
       22.71924604035394
      ],
      [
       88.32875936736909,
       22.714670269975084
      ],
      [
       88.27986327123841,
       22.681937809477976
      ],
      [
       88.26695826157555,
       22.646422422443223
      ],
      [
       88.26726651488003,
       22.618502218815316
      ],
      [
       88.28775188246348,
       22.591864148650117
      ],
      [
       88.32805613840706,
       22.58620989254882
      ],
      [
       88.3556448194971,
       22.571921473362256
      ],
      [
       88.38219605151582,
       22.59016036566831
      ],
      [
       88.40691080106718,
       22.651878680168462
      ]
     ]
    ]
   }
  },
  {
   "type": "Feature",
   "id": "khordha_bhubaneswar_municipal",
   "properties": {
    "state": "Odisha",
    "district": "Khordha",
    "block": "Bhubaneswar Municipal",
    "fullName": "Odisha / Khordha / Bhubaneswar Municipal Block",
    "population": 650000,
    "area_sqkm": 304.4,
    "centroid": [
     85.82,
     20.29
    ],
    "bbox": [
     85.733,
     20.1994,
     85.9047,
     20.381
    ]
   },
   "geometry": {
    "type": "Polygon",
    "coordinates": [
     [
      [
       85.90468116924269,
       20.245013545782523
      ],
      [
       85.89678312080403,
       20.320567207010455
      ],
      [
       85.8821630101912,
       20.35940401947254
      ],
      [
       85.80446689762708,
       20.3810002514513
      ],
      [
       85.76549475430176,
       20.368279372210214
      ],
      [
       85.74117814040996,
       20.331064173050326
      ],
      [
       85.73301635047349,
       20.29313513631458
      ],
      [
       85.73612436782517,
       20.254436035054063
      ],
      [
       85.76885290887296,
       20.214156327137726
      ],
      [
       85.80379392767888,
       20.19938392696942
      ],
      [
       85.84446396152029,
       20.202941502004194
      ],
      [
       85.87805924955866,
       20.214515578906532
      ],
      [
       85.90468116924269,
       20.245013545782523
      ]
     ]
    ]
   }
  },
  {
   "type": "Feature",
   "id": "khordha_jatni",
   "properties": {
    "state": "Odisha",
    "district": "Khordha",
    "block": "Jatni",
    "fullName": "Odisha / Khordha / Jatni Block",
    "population": 290000,
    "area_sqkm": 236.8,
    "centroid": [
     85.7,
     20.17
    ],
    "bbox": [
     85.631,
     20.0818,
     85.7745,
     20.2551
    ]
   },
   "geometry": {
    "type": "Polygon",
    "coordinates": [
     [
      [
       85.77447093282622,
       20.128354848521642
      ],
      [
       85.76968927393551,
       20.203136231329772
      ],
      [
       85.74809137614275,
       20.23137360548645
      ],
      [
       85.71856820941903,
       20.25506359091191
      ],
      [
       85.68611570006522,
       20.254383530856046
      ],
      [
       85.63403371411253,
       20.205750740988464
      ],
      [
       85.63103210867311,
       20.13669148955373
      ],
      [
       85.63899532552068,
       20.104540894155544
      ],
      [
       85.67921925452046,
       20.08175029151979
      ],
      [
       85.72176978262694,
       20.08673880995318
      ],
      [
       85.74158110756473,
       20.11617230426103
      ],
      [
       85.77447093282622,
       20.128354848521642
      ]
     ]
    ]
   }
  },
  {
   "type": "Feature",
   "id": "cuttack_cuttack_sadar",
   "properties": {
    "state": "Odisha",
    "district": "Cuttack",
    "block": "Cuttack Sadar",
    "fullName": "Odisha / Cuttack / Cuttack Sadar Block",
    "population": 580000,
    "area_sqkm": 307.7,
    "centroid": [
     85.88,
     20.46
    ],
    "bbox": [
     85.7947,
     20.3692,
     85.9571,
     20.5606
    ]
   },
   "geometry": {
    "type": "Polygon",
    "coordinates": [
     [
      [
       85.95712045528724,
       20.42254826125741
      ],
      [
       85.94911724770857,
       20.49331674734005
      ],
      [
       85.92787182586665,
       20.529462760256976
      ],
      [
       85.89806780100322,
       20.55930210921934
      ],
      [
       85.86323190064059,
       20.56059674106881
      ],
      [
       85.81386729809539,
       20.539318303600663
      ],
      [
       85.79474527419602,
       20.493899261885414
      ],
      [
       85.80113992321084,
       20.417120283886906
      ],
      [
       85.81972783870722,
       20.39027762080648
      ],
      [
       85.86075011438709,
       20.371134135309145
      ],
      [
       85.89532826324215,
       20.369232697673798
      ],
      [
       85.93909665411351,
       20.379889475055805
      ],
      [
       85.95712045528724,
       20.42254826125741
      ]
     ]
    ]
   }
  },
  {
   "type": "Feature",
   "id": "cuttack_salepur",
   "properties": {
    "state": "Odisha",
    "district": "Cuttack",
    "block": "Salepur",
    "fullName": "Odisha / Cuttack / Salepur Block",
    "population": 260000,
    "area_sqkm": 205.7,
    "centroid": [
     85.99,
     20.48
    ],
    "bbox": [
     85.9202,
     20.3938,
     86.0696,
     20.5494
    ]
   },
   "geometry": {
    "type": "Polygon",
    "coordinates": [
     [
      [
       86.0643486550976,
       20.479861440626618
      ],
      [
       86.06964156696529,
       20.51544557244476
      ],
      [
       86.03978231853951,
       20.538854562980575
      ],
      [
       85.97790430736698,
       20.549443493130717
      ],
      [
       85.94812377467586,
       20.53490472946508
      ],
      [
       85.92737738539464,
       20.508946742940243
      ],
      [
       85.92015804143581,
       20.480256069061095
      ],
      [
       85.92612649319805,
       20.44671665941078
      ],
      [
       85.96898569926978,
       20.39377938785976
      ],
      [
       86.03822383625385,
       20.42034401051141
      ],
      [
       86.0643486550976,
       20.479861440626618
      ]
     ]
    ]
   }
  },
  {
   "type": "Feature",
   "id": "cuttack_athgarh",
   "properties": {
    "state": "Odisha",
    "district": "Cuttack",
    "block": "Athgarh",
    "fullName": "Odisha / Cuttack / Athgarh Block",
    "population": 190000,
    "area_sqkm": 356.4,
    "centroid": [
     85.45,
     20.55
    ],
    "bbox": [
     85.3488,
     20.4539,
     85.5508,
     20.645
    ]
   },
   "geometry": {
    "type": "Polygon",
    "coordinates": [
     [
      [
       85.5398544367035,
       20.550166575469923
      ],
      [
       85.54273033927555,
       20.58840153749826
      ],
      [
       85.46631693652866,
       20.644991049791127
      ],
      [
       85.42197253167548,
       20.644951446741093
      ],
      [
       85.38958734322385,
       20.618526200407437
      ],
      [
       85.34882244965334,
       20.601635140585397
      ],
      [
       85.36282494358227,
       20.54866165606885
      ],
      [
       85.3496309997892,
       20.497804258945074
      ],
      [
       85.38225215882967,
       20.474535942899987
      ],
      [
       85.43279737232497,
       20.45900132770092
      ],
      [
       85.46976178153483,
       20.453883482407687
      ],
      [
       85.55077192718919,
       20.507816477664893
      ],
      [
       85.5398544367035,
       20.550166575469923
      ]
     ]
    ]
   }
  },
  {
   "type": "Feature",
   "id": "jagatsinghpur_jagatsinghpur_sadar",
   "properties": {
    "state": "Odisha",
    "district": "Jagatsinghpur",
    "block": "Jagatsinghpur Sadar",
    "fullName": "Odisha / Jagatsinghpur / Jagatsinghpur Sadar Block",
    "population": 310000,
    "area_sqkm": 287.9,
    "centroid": [
     86.17,
     20.26
    ],
    "bbox": [
     86.0831,
     20.167,
     86.2615,
     20.3551
    ]
   },
   "geometry": {
    "type": "Polygon",
    "coordinates": [
     [
      [
       86.26146644398628,
       20.22288267245967
      ],
      [
       86.24186764596442,
       20.296255000838414
      ],
      [
       86.21839663574929,
       20.319647643366267
      ],
      [
       86.18483623346033,
       20.3423737521126
      ],
      [
       86.14696003691986,
       20.35513009168785
      ],
      [
       86.10931081296172,
       20.342948712981638
      ],
      [
       86.08311435893653,
       20.304027422849384
      ],
      [
       86.0979787305351,
       20.223357787098017
      ],
      [
       86.11954407475149,
       20.194001939931976
      ],
      [
       86.15357311748723,
       20.175462839527096
      ],
      [
       86.19730938629269,
       20.16696581678749
      ],
      [
       86.22514767526897,
       20.20104344987926
      ],
      [
       86.26146644398628,
       20.22288267245967
      ]
     ]
    ]
   }
  },
  {
   "type": "Feature",
   "id": "jagatsinghpur_tirtol",
   "properties": {
    "state": "Odisha",
    "district": "Jagatsinghpur",
    "block": "Tirtol",
    "fullName": "Odisha / Jagatsinghpur / Tirtol Block",
    "population": 270000,
    "area_sqkm": 296.3,
    "centroid": [
     86.05,
     20.36
    ],
    "bbox": [
     85.9589,
     20.2846,
     86.1531,
     20.4521
    ]
   },
   "geometry": {
    "type": "Polygon",
    "coordinates": [
     [
      [
       86.15306015532924,
       20.36628328045221
      ],
      [
       86.13261031105183,
       20.406565110745557
      ],
      [
       86.07538852956768,
       20.45212511535824
      ],
      [
       85.98661172540616,
       20.428684930501923
      ],
      [
       85.95888969165016,
       20.40024249856182
      ],
      [
       85.9628932424034,
       20.320711340449428
      ],
      [
       85.99545565632263,
       20.29652974297916
      ],
      [
       86.02811059120373,
       20.28457731033181
      ],
      [
       86.09822151647944,
       20.29046129883695
      ],
      [
       86.15306015532924,
       20.36628328045221
      ]
     ]
    ]
   }
  },
  {
   "type": "Feature",
   "id": "puri_puri_sadar",
   "properties": {
    "state": "Odisha",
    "district": "Puri",
    "block": "Puri Sadar",
    "fullName": "Odisha / Puri / Puri Sadar Block",
    "population": 380000,
    "area_sqkm": 316.9,
    "centroid": [
     85.83,
     19.81
    ],
    "bbox": [
     85.7349,
     19.7094,
     85.9241,
     19.9019
    ]
   },
   "geometry": {
    "type": "Polygon",
    "coordinates": [
     [
      [
       85.92414221042637,
       19.81117514638486
      ],
      [
       85.92252010159473,
       19.846069623750324
      ],
      [
       85.89414868979996,
       19.880965900759826
      ],
      [
       85.84392986214313,
       19.90194202470431
      ],
      [
       85.76885301767952,
       19.878070140531605
      ],
      [
       85.73488173576962,
       19.813430201903714
      ],
      [
       85.7637134419364,
       19.732321553587212
      ],
      [
       85.80560899492644,
       19.729254076386784
      ],
      [
       85.85032797960545,
       19.70942218568174
      ],
      [
       85.88620399673174,
       19.742570132332464
      ],
      [
       85.92414221042637,
       19.81117514638486
      ]
     ]
    ]
   }
  },
  {
   "type": "Feature",
   "id": "puri_pipili",
   "properties": {
    "state": "Odisha",
    "district": "Puri",
    "block": "Pipili",
    "fullName": "Odisha / Puri / Pipili Block",
    "population": 260000,
    "area_sqkm": 257.9,
    "centroid": [
     85.83,
     20.02
    ],
    "bbox": [
     85.7473,
     19.9337,
     85.9116,
     20.1016
    ]
   },
   "geometry": {
    "type": "Polygon",
    "coordinates": [
     [
      [
       85.91157468957026,
       20.015371264210458
      ],
      [
       85.89305400321055,
       20.04588172413829
      ],
      [
       85.88590510990608,
       20.089302929625294
      ],
      [
       85.85228546801889,
       20.10157495888092
      ],
      [
       85.81813248714603,
       20.088758253356477
      ],
      [
       85.77121644194831,
       20.089463298693744
      ],
      [
       85.74763111406347,
       20.052582953395955
      ],
      [
       85.74726615334973,
       19.986698748259116
      ],
      [
       85.77231034438684,
       19.95362145263772
      ],
      [
       85.81504455591865,
       19.93947266346863
      ],
      [
       85.85282530767705,
       19.93366030352403
      ],
      [
       85.87779559557397,
       19.95087941892965
      ],
      [
       85.91157468957026,
       20.015371264210458
      ]
     ]
    ]
   }
  },
  {
   "type": "Feature",
   "id": "puri_nimapada",
   "properties": {
    "state": "Odisha",
    "district": "Puri",
    "block": "Nimapada",
    "fullName": "Odisha / Puri / Nimapada Block",
    "population": 240000,
    "area_sqkm": 335.8,
    "centroid": [
     85.98,
     20.06
    ],
    "bbox": [
     85.8896,
     19.9585,
     86.0711,
     20.1583
    ]
   },
   "geometry": {
    "type": "Polygon",
    "coordinates": [
     [
      [
       86.05701633413769,
       20.064813741608173
      ],
      [
       86.06830448191508,
       20.106409796449014
      ],
      [
       86.00870804157364,
       20.152478229892616
      ],
      [
       85.9635600491583,
       20.158273224052046
      ],
      [
       85.9140767036597,
       20.135128667977664
      ],
      [
       85.89143763194207,
       20.107572018396272
      ],
      [
       85.89774641206994,
       20.06104019698133
      ],
      [
       85.8895724117855,
       20.013658466502033
      ],
      [
       85.96267938334556,
       19.965792785902472
      ],
      [
       85.9991024057762,
       19.958473839215824
      ],
      [
       86.07106284525554,
       20.018103585699784
      ],
      [
       86.05701633413769,
       20.064813741608173
      ]
     ]
    ]
   }
  },
  {
   "type": "Feature",
   "id": "kendrapara_kendrapara_sadar",
   "properties": {
    "state": "Odisha",
    "district": "Kendrapara",
    "block": "Kendrapara Sadar",
    "fullName": "Odisha / Kendrapara / Kendrapara Sadar Block",
    "population": 290000,
    "area_sqkm": 309.4,
    "centroid": [
     86.42,
     20.5
    ],
    "bbox": [
     86.3354,
     20.4028,
     86.5159,
     20.5912
    ]
   },
   "geometry": {
    "type": "Polygon",
    "coordinates": [
     [
      [
       86.51592123362427,
       20.461847791876473
      ],
      [
       86.513641080152,
       20.539834353104578
      ],
      [
       86.46463997261098,
       20.562693460524695
      ],
      [
       86.43965442750074,
       20.590891159093054
      ],
      [
       86.39362977537165,
       20.591232485428353
      ],
      [
       86.368277223511,
       20.573005397135038
      ],
      [
       86.34078214979935,
       20.531373511180387
      ],
      [
       86.33539949774543,
       20.452654410082996
      ],
      [
       86.39378559093257,
       20.4027866226803
      ],
      [
       86.44476939238777,
       20.415631887833474
      ],
      [
       86.47218420224158,
       20.442930357056742
      ],
      [
       86.51592123362427,
       20.461847791876473
      ]
     ]
    ]
   }
  },
  {
   "type": "Feature",
   "id": "kendrapara_rajnagar",
   "properties": {
    "state": "Odisha",
    "district": "Kendrapara",
    "block": "Rajnagar",
    "fullName": "Odisha / Kendrapara / Rajnagar Block",
    "population": 210000,
    "area_sqkm": 380.0,
    "centroid": [
     86.65,
     20.2
    ],
    "bbox": [
     86.5378,
     20.0924,
     86.7622,
     20.3028
    ]
   },
   "geometry": {
    "type": "Polygon",
    "coordinates": [
     [
      [
       86.76215418859945,
       20.204646816886953
      ],
      [
       86.74944986567361,
       20.2544981489336
      ],
      [
       86.62799175858183,
       20.302781470005673
      ],
      [
       86.58764684762117,
       20.285571074346628
      ],
      [
       86.53781676949039,
       20.19659535507766
      ],
      [
       86.56094963936066,
       20.15269770619624
      ],
      [
       86.59232029716586,
       20.127407803449458
      ],
      [
       86.6772395452552,
       20.09237893020922
      ],
      [
       86.70435631336103,
       20.1305355152593
      ],
      [
       86.7361030428321,
       20.154015965965062
      ],
      [
       86.76215418859945,
       20.204646816886953
      ]
     ]
    ]
   }
  },
  {
   "type": "Feature",
   "id": "hazaribagh_hazaribagh_sadar",
   "properties": {
    "state": "Jharkhand",
    "district": "Hazaribagh",
    "block": "Hazaribagh Sadar",
    "fullName": "Jharkhand / Hazaribagh / Hazaribagh Sadar Block",
    "population": 300000,
    "area_sqkm": 290.7,
    "centroid": [
     85.36,
     23.99
    ],
    "bbox": [
     85.2672,
     23.898,
     85.4511,
     24.0694
    ]
   },
   "geometry": {
    "type": "Polygon",
    "coordinates": [
     [
      [
       85.43604318596952,
       23.951655055291642
      ],
      [
       85.45106589067893,
       24.033060118790228
      ],
      [
       85.3777600405385,
       24.0672632080095
      ],
      [
       85.34410152948325,
       24.06937195168399
      ],
      [
       85.30182207613977,
       24.061896228236233
      ],
      [
       85.2767669673267,
       24.03625241407102
      ],
      [
       85.2671622748129,
       23.989798064999185
      ],
      [
       85.27958338282271,
       23.946550615508922
      ],
      [
       85.30522185720491,
       23.922802420082686
      ],
      [
       85.37463884485973,
       23.89797125044841
      ],
      [
       85.41771074712742,
       23.924849685424377
      ],
      [
       85.43604318596952,
       23.951655055291642
      ]
     ]
    ]
   }
  },
  {
   "type": "Feature",
   "id": "hazaribagh_barkagaon",
   "properties": {
    "state": "Jharkhand",
    "district": "Hazaribagh",
    "block": "Barkagaon",
    "fullName": "Jharkhand / Hazaribagh / Barkagaon Block",
    "population": 220000,
    "area_sqkm": 300.5,
    "centroid": [
     85.23,
     23.83
    ],
    "bbox": [
     85.1391,
     23.746,
     85.3213,
     23.9187
    ]
   },
   "geometry": {
    "type": "Polygon",
    "coordinates": [
     [
      [
       85.32128467654748,
       23.824815602904067
      ],
      [
       85.28811521373964,
       23.911682012695657
      ],
      [
       85.24713314395784,
       23.918672189304857
      ],
      [
       85.14490919179407,
       23.876956264478274
      ],
      [
       85.14789640102555,
       23.826833020022494
      ],
      [
       85.1390648858376,
       23.787286612139315
      ],
      [
       85.16487566970267,
       23.751041472373657
      ],
      [
       85.25259111601834,
       23.74598698657127
      ],
      [
       85.29654112546062,
       23.75504225203958
      ],
      [
       85.30030661249693,
       23.79645611675394
      ],
      [
       85.32128467654748,
       23.824815602904067
      ]
     ]
    ]
   }
  },
  {
   "type": "Feature",
   "id": "hazaribagh_ichak",
   "properties": {
    "state": "Jharkhand",
    "district": "Hazaribagh",
    "block": "Ichak",
    "fullName": "Jharkhand / Hazaribagh / Ichak Block",
    "population": 190000,
    "area_sqkm": 254.4,
    "centroid": [
     85.5,
     24.05
    ],
    "bbox": [
     85.4135,
     23.9608,
     85.5892,
     24.1397
    ]
   },
   "geometry": {
    "type": "Polygon",
    "coordinates": [
     [
      [
       85.58917027698328,
       24.056422128387368
      ],
      [
       85.51992632206394,
       24.13969139199298
      ],
      [
       85.44110802907885,
       24.120063471259556
      ],
      [
       85.41347373601917,
       24.056528262946884
      ],
      [
       85.42554737091184,
       24.008885712994807
      ],
      [
       85.48345228109817,
       23.960823667007936
      ],
      [
       85.52354120375651,
       23.968801948048096
      ],
      [
       85.58917027698328,
       24.056422128387368
      ]
     ]
    ]
   }
  },
  {
   "type": "Feature",
   "id": "hazaribagh_barkatha",
   "properties": {
    "state": "Jharkhand",
    "district": "Hazaribagh",
    "block": "Barkatha",
    "fullName": "Jharkhand / Hazaribagh / Barkatha Block",
    "population": 170000,
    "area_sqkm": 326.9,
    "centroid": [
     85.55,
     23.98
    ],
    "bbox": [
     85.4584,
     23.8814,
     85.6397,
     24.0798
    ]
   },
   "geometry": {
    "type": "Polygon",
    "coordinates": [
     [
      [
       85.62988551404567,
       23.982029611670477
      ],
      [
       85.63456509437256,
       24.01450500194622
      ],
      [
       85.56479956336548,
       24.07983667785376
      ],
      [
       85.53107325317102,
       24.076207564526793
      ],
      [
       85.49103904072922,
       24.059091291567626
      ],
      [
       85.45842219817744,
       24.027617348973514
      ],
      [
       85.4700021300312,
       23.939418031226374
      ],
      [
       85.48803975358524,
       23.907698669380398
      ],
      [
       85.56893978192093,
       23.881406981054457
      ],
      [
       85.63965390845092,
       23.930286711225083
      ],
      [
       85.62988551404567,
       23.982029611670477
      ]
     ]
    ]
   }
  },
  {
   "type": "Feature",
   "id": "hazaribagh_chauparan",
   "properties": {
    "state": "Jharkhand",
    "district": "Hazaribagh",
    "block": "Chauparan",
    "fullName": "Jharkhand / Hazaribagh / Chauparan Block",
    "population": 180000,
    "area_sqkm": 302.4,
    "centroid": [
     85.62,
     24.38
    ],
    "bbox": [
     85.5197,
     24.2846,
     85.7061,
     24.4726
    ]
   },
   "geometry": {
    "type": "Polygon",
    "coordinates": [
     [
      [
       85.70482522540011,
       24.38587431242695
      ],
      [
       85.67423906362899,
       24.441020127634673
      ],
      [
       85.63566406342105,
       24.463477451597686
      ],
      [
       85.59983447420062,
       24.47255332342924
      ],
      [
       85.53591792493155,
       24.425114806557396
      ],
      [
       85.51966127707333,
       24.376830212467354
      ],
      [
       85.56097326274816,
       24.311077599048946
      ],
      [
       85.6487526511249,
       24.284623647235406
      ],
      [
       85.70607411935917,
       24.334923512350755
      ],
      [
       85.70482522540011,
       24.38587431242695
      ]
     ]
    ]
   }
  },
  {
   "type": "Feature",
   "id": "ramgarh_ramgarh_sadar",
   "properties": {
    "state": "Jharkhand",
    "district": "Ramgarh",
    "block": "Ramgarh Sadar",
    "fullName": "Jharkhand / Ramgarh / Ramgarh Sadar Block",
    "population": 220000,
    "area_sqkm": 320.7,
    "centroid": [
     85.52,
     23.63
    ],
    "bbox": [
     85.4176,
     23.5408,
     85.6166,
     23.7256
    ]
   },
   "geometry": {
    "type": "Polygon",
    "coordinates": [
     [
      [
       85.6165948530371,
       23.63263981154374
      ],
      [
       85.58456262149973,
       23.70723250822861
      ],
      [
       85.54388208913103,
       23.722362735881873
      ],
      [
       85.4988877942004,
       23.725559645961777
      ],
      [
       85.4265658123476,
       23.6693908480953
      ],
      [
       85.41763850851332,
       23.63198393584053
      ],
      [
       85.4393891118053,
       23.584203692906126
      ],
      [
       85.50239619368958,
       23.549601429475153
      ],
      [
       85.54412623006122,
       23.540840174168114
      ],
      [
       85.57672186571402,
       23.56182561574895
      ],
      [
       85.6165948530371,
       23.63263981154374
      ]
     ]
    ]
   }
  },
  {
   "type": "Feature",
   "id": "ramgarh_gola",
   "properties": {
    "state": "Jharkhand",
    "district": "Ramgarh",
    "block": "Gola",
    "fullName": "Jharkhand / Ramgarh / Gola Block",
    "population": 170000,
    "area_sqkm": 209.4,
    "centroid": [
     85.62,
     23.72
    ],
    "bbox": [
     85.5546,
     23.6407,
     85.7055,
     23.8097
    ]
   },
   "geometry": {
    "type": "Polygon",
    "coordinates": [
     [
      [
       85.70554849179129,
       23.714302174569344
      ],
      [
       85.69773659007788,
       23.7626705363542
      ],
      [
       85.66603131750007,
       23.770341356006703
      ],
      [
       85.63789667441016,
       23.809703424946186
      ],
      [
       85.60788003329212,
       23.79619976165998
      ],
      [
       85.55462015353768,
       23.752099064137845
      ],
      [
       85.55573422349327,
       23.692704579445692
      ],
      [
       85.57828094979038,
       23.661029989240298
      ],
      [
       85.60801557962387,
       23.640736756566778
      ],
      [
       85.6609956729976,
       23.665029143981116
      ],
      [
       85.70554849179129,
       23.714302174569344
      ]
     ]
    ]
   }
  },
  {
   "type": "Feature",
   "id": "ramgarh_patratu",
   "properties": {
    "state": "Jharkhand",
    "district": "Ramgarh",
    "block": "Patratu",
    "fullName": "Jharkhand / Ramgarh / Patratu Block",
    "population": 160000,
    "area_sqkm": 307.0,
    "centroid": [
     85.08,
     23.66
    ],
    "bbox": [
     84.9792,
     23.5839,
     85.1721,
     23.7565
    ]
   },
   "geometry": {
    "type": "Polygon",
    "coordinates": [
     [
      [
       85.16980687097131,
       23.658689860233743
      ],
      [
       85.17205671724749,
       23.702200418578666
      ],
      [
       85.14304131138033,
       23.737192945130893
      ],
      [
       85.09827634436813,
       23.756545907275207
      ],
      [
       85.05340663614504,
       23.754509494500468
      ],
      [
       85.02817830531865,
       23.721606027818623
      ],
      [
       84.99348593166997,
       23.70724711989981
      ],
      [
       84.97920192853246,
       23.665727652558616
      ],
      [
       85.02597786207905,
       23.591319247311983
      ],
      [
       85.0688485202685,
       23.58385746240248
      ],
      [
       85.10020378568873,
       23.58425642458214
      ],
      [
       85.12641736395778,
       23.594348188523092
      ],
      [
       85.15668821953604,
       23.620035485336814
      ],
      [
       85.16980687097131,
       23.658689860233743
      ]
     ]
    ]
   }
  },
  {
   "type": "Feature",
   "id": "koderma_koderma_sadar",
   "properties": {
    "state": "Jharkhand",
    "district": "Koderma",
    "block": "Koderma Sadar",
    "fullName": "Jharkhand / Koderma / Koderma Sadar Block",
    "population": 180000,
    "area_sqkm": 336.2,
    "centroid": [
     85.63,
     24.43
    ],
    "bbox": [
     85.5321,
     24.335,
     85.7214,
     24.5263
    ]
   },
   "geometry": {
    "type": "Polygon",
    "coordinates": [
     [
      [
       85.72142443073332,
       24.42968037125092
      ],
      [
       85.71521285000543,
       24.466207409828076
      ],
      [
       85.65995205925914,
       24.526069136722953
      ],
      [
       85.61314124630354,
       24.52625014641419
      ],
      [
       85.5685426847248,
       24.50957452948986
      ],
      [
       85.53687464563848,
       24.472538897285876
      ],
      [
       85.53208052926296,
       24.424756791467942
      ],
      [
       85.56801616538645,
       24.355098776987646
      ],
      [
       85.60583122608972,
       24.35272269477125
      ],
      [
       85.64581266374017,
       24.334976336867157
      ],
      [
       85.69076256612158,
       24.36094883722576
      ],
      [
       85.7171909093279,
       24.393560893062492
      ],
      [
       85.72142443073332,
       24.42968037125092
      ]
     ]
    ]
   }
  },
  {
   "type": "Feature",
   "id": "koderma_domchanch",
   "properties": {
    "state": "Jharkhand",
    "district": "Koderma",
    "block": "Domchanch",
    "fullName": "Jharkhand / Koderma / Domchanch Block",
    "population": 150000,
    "area_sqkm": 211.5,
    "centroid": [
     85.44,
     24.51
    ],
    "bbox": [
     85.3596,
     24.4336,
     85.5154,
     24.5933
    ]
   },
   "geometry": {
    "type": "Polygon",
    "coordinates": [
     [
      [
       85.51540892526866,
       24.4680060377892
      ],
      [
       85.50435459213773,
       24.54071915054664
      ],
      [
       85.48620592484042,
       24.561992301470212
      ],
      [
       85.42775273420337,
       24.59329843390178
      ],
      [
       85.39735493311254,
       24.563872633845957
      ],
      [
       85.359578246341,
       24.542937919806622
      ],
      [
       85.37160264605753,
       24.505593857418134
      ],
      [
       85.36560585414902,
       24.473121222125787
      ],
      [
       85.42109902520755,
       24.4335676971159
      ],
      [
       85.45840321830656,
       24.44160489832597
      ],
      [
       85.51540892526866,
       24.4680060377892
      ]
     ]
    ]
   }
  },
  {
   "type": "Feature",
   "id": "giridih_giridih_sadar",
   "properties": {
    "state": "Jharkhand",
    "district": "Giridih",
    "block": "Giridih Sadar",
    "fullName": "Jharkhand / Giridih / Giridih Sadar Block",
    "population": 320000,
    "area_sqkm": 334.2,
    "centroid": [
     86.3,
     24.18
    ],
    "bbox": [
     86.2024,
     24.0788,
     86.3933,
     24.2805
    ]
   },
   "geometry": {
    "type": "Polygon",
    "coordinates": [
     [
      [
       86.38161205720488,
       24.174059874076487
      ],
      [
       86.39332101019649,
       24.22399346153085
      ],
      [
       86.35677990051218,
       24.260541680443513
      ],
      [
       86.32265796867408,
       24.278590498236486
      ],
      [
       86.27946021882242,
       24.28051483435742
      ],
      [
       86.23725330213733,
       24.252855984928406
      ],
      [
       86.22897192348773,
       24.213509262773556
      ],
      [
       86.20242527235919,
       24.183224076467013
      ],
      [
       86.20704508996526,
       24.134590325531303
      ],
      [
       86.32023913908036,
       24.078777691224005
      ],
      [
       86.38792641748272,
       24.142007314712504
      ],
      [
       86.38161205720488,
       24.174059874076487
      ]
     ]
    ]
   }
  },
  {
   "type": "Feature",
   "id": "giridih_dumri",
   "properties": {
    "state": "Jharkhand",
    "district": "Giridih",
    "block": "Dumri",
    "fullName": "Jharkhand / Giridih / Dumri Block",
    "population": 240000,
    "area_sqkm": 321.7,
    "centroid": [
     86.05,
     24.05
    ],
    "bbox": [
     85.9562,
     23.9597,
     86.1434,
     24.1468
    ]
   },
   "geometry": {
    "type": "Polygon",
    "coordinates": [
     [
      [
       86.14343962221274,
       24.05460049947159
      ],
      [
       86.11134131011711,
       24.123435470955467
      ],
      [
       86.06463811744369,
       24.14681504479423
      ],
      [
       86.02355441171778,
       24.139486564233493
      ],
      [
       85.99163191992591,
       24.118436018713016
      ],
      [
       85.96626256660154,
       24.09365499273278
      ],
      [
       85.95624065270512,
       24.05216658776047
      ],
      [
       85.97322281945753,
       24.014767135675044
      ],
      [
       86.02547957113252,
       23.959698751118722
      ],
      [
       86.11237866231987,
       23.968353567817168
      ],
      [
       86.14082744060279,
       24.014648415747704
      ],
      [
       86.14343962221274,
       24.05460049947159
      ]
     ]
    ]
   }
  },
  {
   "type": "Feature",
   "id": "giridih_bengabad",
   "properties": {
    "state": "Jharkhand",
    "district": "Giridih",
    "block": "Bengabad",
    "fullName": "Jharkhand / Giridih / Bengabad Block",
    "population": 230000,
    "area_sqkm": 299.5,
    "centroid": [
     86.1,
     24.28
    ],
    "bbox": [
     85.9985,
     24.1871,
     86.196,
     24.3669
    ]
   },
   "geometry": {
    "type": "Polygon",
    "coordinates": [
     [
      [
       86.19602656266991,
       24.276159698418656
      ],
      [
       86.18269594060608,
       24.315634039751384
      ],
      [
       86.14857053683508,
       24.349853399940905
      ],
      [
       86.12214207732268,
       24.362558788522165
      ],
      [
       86.07865871424626,
       24.366941812137714
      ],
      [
       86.02010187486607,
       24.318560284945487
      ],
      [
       85.99854055661778,
       24.279686194380645
      ],
      [
       86.01661687242124,
       24.24094296004404
      ],
      [
       86.04875428740456,
       24.217036799469525
      ],
      [
       86.1287541675978,
       24.18708330291981
      ],
      [
       86.16417422076091,
       24.20761223248028
      ],
      [
       86.19602656266991,
       24.276159698418656
      ]
     ]
    ]
   }
  },
  {
   "type": "Feature",
   "id": "bokaro_bokaro_steel_city",
   "properties": {
    "state": "Jharkhand",
    "district": "Bokaro",
    "block": "Bokaro Steel City",
    "fullName": "Jharkhand / Bokaro / Bokaro Steel City Block",
    "population": 340000,
    "area_sqkm": 237.0,
    "centroid": [
     86.15,
     23.67
    ],
    "bbox": [
     86.066,
     23.5823,
     86.2312,
     23.7462
    ]
   },
   "geometry": {
    "type": "Polygon",
    "coordinates": [
     [
      [
       86.21159160650134,
       23.635989931349684
      ],
      [
       86.23123812550618,
       23.712596263871824
      ],
      [
       86.17330558221072,
       23.746077149183854
      ],
      [
       86.13356792088877,
       23.7461922834748
      ],
      [
       86.10000062293095,
       23.73021998230691
      ],
      [
       86.07435841147372,
       23.704621907901554
      ],
      [
       86.0805548431449,
       23.66536171393625
      ],
      [
       86.06598592757865,
       23.63358269048963
      ],
      [
       86.10490480210046,
       23.613851669493616
      ],
      [
       86.13161720074125,
       23.58497797387817
      ],
      [
       86.1738050964999,
       23.582279365708814
      ],
      [
       86.21159160650134,
       23.635989931349684
      ]
     ]
    ]
   }
  },
  {
   "type": "Feature",
   "id": "bokaro_chas",
   "properties": {
    "state": "Jharkhand",
    "district": "Bokaro",
    "block": "Chas",
    "fullName": "Jharkhand / Bokaro / Chas Block",
    "population": 280000,
    "area_sqkm": 246.1,
    "centroid": [
     86.13,
     23.6
    ],
    "bbox": [
     86.0422,
     23.5157,
     86.2105,
     23.6877
    ]
   },
   "geometry": {
    "type": "Polygon",
    "coordinates": [
     [
      [
       86.21049064316111,
       23.59419344115781
      ],
      [
       86.2025811793733,
       23.63870387405228
      ],
      [
       86.18079087720933,
       23.67274381115416
      ],
      [
       86.14336364291717,
       23.673501777609392
      ],
      [
       86.11102821330832,
       23.68774585586618
      ],
      [
       86.04215432309145,
       23.605529460970885
      ],
      [
       86.05359642498485,
       23.56120601131562
      ],
      [
       86.14386219747499,
       23.51570604987287
      ],
      [
       86.18556326863666,
       23.528444394528186
      ],
      [
       86.21049064316111,
       23.59419344115781
      ]
     ]
    ]
   }
  },
  {
   "type": "Feature",
   "id": "bokaro_gomia",
   "properties": {
    "state": "Jharkhand",
    "district": "Bokaro",
    "block": "Gomia",
    "fullName": "Jharkhand / Bokaro / Gomia Block",
    "population": 210000,
    "area_sqkm": 309.8,
    "centroid": [
     85.85,
     23.8
    ],
    "bbox": [
     85.7626,
     23.6992,
     85.9319,
     23.8938
    ]
   },
   "geometry": {
    "type": "Polygon",
    "coordinates": [
     [
      [
       85.92752721992026,
       23.761441145469146
      ],
      [
       85.9319200560544,
       23.836558312060173
      ],
      [
       85.86946678837178,
       23.890667785370375
      ],
      [
       85.82342676137054,
       23.89381977081238
      ],
      [
       85.79594783825425,
       23.879004531245812
      ],
      [
       85.76456123836587,
       23.844548471688636
      ],
      [
       85.76260665428204,
       23.79555009769991
      ],
      [
       85.7878950730631,
       23.71738186300964
      ],
      [
       85.8340503458759,
       23.714498865648384
      ],
      [
       85.87357085570306,
       23.699243526908024
      ],
      [
       85.92752721992026,
       23.761441145469146
      ]
     ]
    ]
   }
  },
  {
   "type": "Feature",
   "id": "bokaro_petarwar",
   "properties": {
    "state": "Jharkhand",
    "district": "Bokaro",
    "block": "Petarwar",
    "fullName": "Jharkhand / Bokaro / Petarwar Block",
    "population": 170000,
    "area_sqkm": 273.7,
    "centroid": [
     85.85,
     23.93
    ],
    "bbox": [
     85.7584,
     23.8555,
     85.9321,
     24.022
    ]
   },
   "geometry": {
    "type": "Polygon",
    "coordinates": [
     [
      [
       85.93211307931868,
       23.9258278085516
      ],
      [
       85.91315618809715,
       23.99883386276541
      ],
      [
       85.86728687417643,
       24.018785443141052
      ],
      [
       85.82671202311941,
       24.022001717181563
      ],
      [
       85.79636479433164,
       23.98869857417845
      ],
      [
       85.75841407649011,
       23.974398724500837
      ],
      [
       85.78750653526417,
       23.858526740530007
      ],
      [
       85.87229237901293,
       23.855519342855832
      ],
      [
       85.90119929111813,
       23.86821804360212
      ],
      [
       85.92769470698349,
       23.8929764704636
      ],
      [
       85.93211307931868,
       23.9258278085516
      ]
     ]
    ]
   }
  },
  {
   "type": "Feature",
   "id": "bokaro_bermo",
   "properties": {
    "state": "Jharkhand",
    "district": "Bokaro",
    "block": "Bermo",
    "fullName": "Jharkhand / Bokaro / Bermo Block",
    "population": 160000,
    "area_sqkm": 238.2,
    "centroid": [
     85.92,
     23.8
    ],
    "bbox": [
     85.842,
     23.7154,
     85.9975,
     23.8843
    ]
   },
   "geometry": {
    "type": "Polygon",
    "coordinates": [
     [
      [
       85.99746150314932,
       23.80401333872179
      ],
      [
       85.98076789345042,
       23.832504508782183
      ],
      [
       85.97560132583206,
       23.868656456651433
      ],
      [
       85.89972358849414,
       23.88434303153098
      ],
      [
       85.86430029129686,
       23.86142536560078
      ],
      [
       85.84418652564348,
       23.83121858111977
      ],
      [
       85.84200363754995,
       23.795890483500976
      ],
      [
       85.87187892579293,
       23.736774574245768
      ],
      [
       85.89880239255963,
       23.71542548349822
      ],
      [
       85.93210776336446,
       23.72126610527266
      ],
      [
       85.96611404052818,
       23.74123561789037
      ],
      [
       85.99198164559292,
       23.767678543875313
      ],
      [
       85.99746150314932,
       23.80401333872179
      ]
     ]
    ]
   }
  },
  {
   "type": "Feature",
   "id": "dhanbad_dhanbad_sadar",
   "properties": {
    "state": "Jharkhand",
    "district": "Dhanbad",
    "block": "Dhanbad Sadar",
    "fullName": "Jharkhand / Dhanbad / Dhanbad Sadar Block",
    "population": 380000,
    "area_sqkm": 306.7,
    "centroid": [
     86.44,
     23.8
    ],
    "bbox": [
     86.3551,
     23.7207,
     86.5383,
     23.8972
    ]
   },
   "geometry": {
    "type": "Polygon",
    "coordinates": [
     [
      [
       86.53831189973306,
       23.802965181154722
      ],
      [
       86.52965723101356,
       23.841343350421802
      ],
      [
       86.49282770677573,
       23.862325938936156
      ],
      [
       86.465441112849,
       23.897172489404202
      ],
      [
       86.42423992278765,
       23.895164936767603
      ],
      [
       86.37052819409573,
       23.874163829680548
      ],
      [
       86.35859194992179,
       23.834480567967347
      ],
      [
       86.36321086632265,
       23.798315934195898
      ],
      [
       86.35505792324457,
       23.762640894792042
      ],
      [
       86.37205273473114,
       23.72222294959879
      ],
      [
       86.45254801637616,
       23.720651199569982
      ],
      [
       86.52412665669063,
       23.76681272469436
      ],
      [
       86.53831189973306,
       23.802965181154722
      ]
     ]
    ]
   }
  },
  {
   "type": "Feature",
   "id": "dhanbad_jharia",
   "properties": {
    "state": "Jharkhand",
    "district": "Dhanbad",
    "block": "Jharia",
    "fullName": "Jharkhand / Dhanbad / Jharia Block",
    "population": 290000,
    "area_sqkm": 236.1,
    "centroid": [
     86.42,
     23.73
    ],
    "bbox": [
     86.3328,
     23.658,
     86.5104,
     23.8117
    ]
   },
   "geometry": {
    "type": "Polygon",
    "coordinates": [
     [
      [
       86.51038561301607,
       23.737206778556743
      ],
      [
       86.48583584790985,
       23.759625497922478
      ],
      [
       86.47228848793829,
       23.799562218363427
      ],
      [
       86.43478248807332,
       23.811735835383285
      ],
      [
       86.36192084078031,
       23.796801429480183
      ],
      [
       86.35191861757305,
       23.76100914407563
      ],
      [
       86.33279136606488,
       23.73442444054245
      ],
      [
       86.3741008494573,
       23.668127406061693
      ],
      [
       86.40447913947466,
       23.657986017870932
      ],
      [
       86.43952008469866,
       23.660933054279063
      ],
      [
       86.46974843155131,
       23.67309816555556
      ],
      [
       86.48972075137682,
       23.692437649412618
      ],
      [
       86.51038561301607,
       23.737206778556743
      ]
     ]
    ]
   }
  },
  {
   "type": "Feature",
   "id": "dhanbad_nirsa",
   "properties": {
    "state": "Jharkhand",
    "district": "Dhanbad",
    "block": "Nirsa",
    "fullName": "Jharkhand / Dhanbad / Nirsa Block",
    "population": 230000,
    "area_sqkm": 306.5,
    "centroid": [
     86.7,
     23.68
    ],
    "bbox": [
     86.6087,
     23.5831,
     86.7921,
     23.7791
    ]
   },
   "geometry": {
    "type": "Polygon",
    "coordinates": [
     [
      [
       86.779842318055,
       23.68219544636173
      ],
      [
       86.78697468194903,
       23.72013451129492
      ],
      [
       86.71591893216976,
       23.7665932549454
      ],
      [
       86.67444401023876,
       23.7791438615136
      ],
      [
       86.64182346374511,
       23.76088536668518
      ],
      [
       86.61874945489612,
       23.72497937667139
      ],
      [
       86.60871970670537,
       23.674450904809657
      ],
      [
       86.62504328158053,
       23.64048017362723
      ],
      [
       86.65174249345912,
       23.60954529120969
      ],
      [
       86.73010613308318,
       23.583129473286817
      ],
      [
       86.74852208149548,
       23.618123693579268
      ],
      [
       86.79209586286447,
       23.63352978896116
      ],
      [
       86.779842318055,
       23.68219544636173
      ]
     ]
    ]
   }
  },
  {
   "type": "Feature",
   "id": "deoghar_deoghar_sadar",
   "properties": {
    "state": "Jharkhand",
    "district": "Deoghar",
    "block": "Deoghar Sadar",
    "fullName": "Jharkhand / Deoghar / Deoghar Sadar Block",
    "population": 260000,
    "area_sqkm": 294.2,
    "centroid": [
     86.7,
     24.48
    ],
    "bbox": [
     86.6096,
     24.398,
     86.7899,
     24.5772
    ]
   },
   "geometry": {
    "type": "Polygon",
    "coordinates": [
     [
      [
       86.78099476679584,
       24.486066312724986
      ],
      [
       86.7898720910143,
       24.524344501275003
      ],
      [
       86.75297372949309,
       24.5558984921517
      ],
      [
       86.67103708042522,
       24.57715598859578
      ],
      [
       86.65471644637536,
       24.54334193065416
      ],
      [
       86.62595385820163,
       24.512914585256745
      ],
      [
       86.60959891393496,
       24.473158619864677
      ],
      [
       86.64055854210451,
       24.413449101711258
      ],
      [
       86.67800859474151,
       24.3980176673407
      ],
      [
       86.72439927052463,
       24.398951820626273
      ],
      [
       86.75400287982642,
       24.41062649450955
      ],
      [
       86.78985847218442,
       24.4389338733585
      ],
      [
       86.78099476679584,
       24.486066312724986
      ]
     ]
    ]
   }
  },
  {
   "type": "Feature",
   "id": "deoghar_madhupur",
   "properties": {
    "state": "Jharkhand",
    "district": "Deoghar",
    "block": "Madhupur",
    "fullName": "Jharkhand / Deoghar / Madhupur Block",
    "population": 210000,
    "area_sqkm": 299.9,
    "centroid": [
     86.83,
     24.65
    ],
    "bbox": [
     86.7439,
     24.5694,
     86.9266,
     24.7433
    ]
   },
   "geometry": {
    "type": "Polygon",
    "coordinates": [
     [
      [
       86.92660457621818,
       24.64817143018247
      ],
      [
       86.8898491366384,
       24.72672971657008
      ],
      [
       86.81281242522238,
       24.74326409837667
      ],
      [
       86.766605189076,
       24.71833798072884
      ],
      [
       86.75139713393041,
       24.693361322290226
      ],
      [
       86.7439444681155,
       24.65503872127436
      ],
      [
       86.77478662906819,
       24.569350177717283
      ],
      [
       86.89116764673275,
       24.583047690685873
      ],
      [
       86.91894037773469,
       24.60343609545066
      ],
      [
       86.92660457621818,
       24.64817143018247
      ]
     ]
    ]
   }
  },
  {
   "type": "Feature",
   "id": "ranchi_ranchi_sadar",
   "properties": {
    "state": "Jharkhand",
    "district": "Ranchi",
    "block": "Ranchi Sadar",
    "fullName": "Jharkhand / Ranchi / Ranchi Sadar Block",
    "population": 420000,
    "area_sqkm": 288.4,
    "centroid": [
     85.31,
     23.34
    ],
    "bbox": [
     85.2278,
     23.2499,
     85.3999,
     23.4278
    ]
   },
   "geometry": {
    "type": "Polygon",
    "coordinates": [
     [
      [
       85.39990669237974,
       23.340727460766377
      ],
      [
       85.3982477382732,
       23.388475831452308
      ],
      [
       85.36446896202901,
       23.413717939883938
      ],
      [
       85.32305069119099,
       23.42783484175419
      ],
      [
       85.29278282285038,
       23.421976186004045
      ],
      [
       85.23033498144888,
       23.381281180740555
      ],
      [
       85.22783516208854,
       23.342648002277237
      ],
      [
       85.23589973626456,
       23.310974851948984
      ],
      [
       85.29326838475691,
       23.249921838049698
      ],
      [
       85.37027546852553,
       23.25810050054309
      ],
      [
       85.39990669237974,
       23.340727460766377
      ]
     ]
    ]
   }
  },
  {
   "type": "Feature",
   "id": "ranchi_namkum",
   "properties": {
    "state": "Jharkhand",
    "district": "Ranchi",
    "block": "Namkum",
    "fullName": "Jharkhand / Ranchi / Namkum Block",
    "population": 290000,
    "area_sqkm": 232.5,
    "centroid": [
     85.35,
     23.27
    ],
    "bbox": [
     85.2716,
     23.1823,
     85.4302,
     23.3476
    ]
   },
   "geometry": {
    "type": "Polygon",
    "coordinates": [
     [
      [
       85.41898122111633,
       23.268931538132456
      ],
      [
       85.42511720647225,
       23.30540587290431
      ],
      [
       85.36855561715193,
       23.347319841369153
      ],
      [
       85.32914704077574,
       23.347635186413267
      ],
      [
       85.28639070992382,
       23.299736002306165
      ],
      [
       85.27157192393233,
       23.26938943910561
      ],
      [
       85.29661816334428,
       23.20666939324359
      ],
      [
       85.37531679083733,
       23.18230893079972
      ],
      [
       85.43024820534767,
       23.22548017317397
      ],
      [
       85.41898122111633,
       23.268931538132456
      ]
     ]
    ]
   }
  },
  {
   "type": "Feature",
   "id": "ranchi_bundu",
   "properties": {
    "state": "Jharkhand",
    "district": "Ranchi",
    "block": "Bundu",
    "fullName": "Jharkhand / Ranchi / Bundu Block",
    "population": 220000,
    "area_sqkm": 254.5,
    "centroid": [
     85.48,
     23.25
    ],
    "bbox": [
     85.3914,
     23.1738,
     85.5645,
     23.3312
    ]
   },
   "geometry": {
    "type": "Polygon",
    "coordinates": [
     [
      [
       85.56445021377903,
       23.252588159702608
      ],
      [
       85.54134737665808,
       23.285405484219716
      ],
      [
       85.53270035210075,
       23.3253284078284
      ],
      [
       85.49773045548618,
       23.331177723144986
      ],
      [
       85.42152185255348,
       23.31886706189223
      ],
      [
       85.391352023418,
       23.2549042376115
      ],
      [
       85.4169230620763,
       23.214569362179212
      ],
      [
       85.42255601239962,
       23.180455813487857
      ],
      [
       85.50349123126047,
       23.173847944310754
      ],
      [
       85.53265522111359,
       23.17899278971014
      ],
      [
       85.55371553126201,
       23.21293208516902
      ],
      [
       85.56445021377903,
       23.252588159702608
      ]
     ]
    ]
   }
  },
  {
   "type": "Feature",
   "id": "ranchi_kanke",
   "properties": {
    "state": "Jharkhand",
    "district": "Ranchi",
    "block": "Kanke",
    "fullName": "Jharkhand / Ranchi / Kanke Block",
    "population": 250000,
    "area_sqkm": 224.0,
    "centroid": [
     85.32,
     23.43
    ],
    "bbox": [
     85.2486,
     23.3583,
     85.4076,
     23.5142
    ]
   },
   "geometry": {
    "type": "Polygon",
    "coordinates": [
     [
      [
       85.40762865814106,
       23.436068163975236
      ],
      [
       85.38305349373422,
       23.461448779235628
      ],
      [
       85.37196850525419,
       23.49712184290129
      ],
      [
       85.34028747194543,
       23.514181774895007
      ],
      [
       85.2675368883153,
       23.493586509047468
      ],
      [
       85.25144406116111,
       23.46044586432163
      ],
      [
       85.24860599316649,
       23.4352870066497
      ],
      [
       85.25286066745966,
       23.401153546619494
      ],
      [
       85.27833421477503,
       23.374902080141062
      ],
      [
       85.3076285612564,
       23.358940078921616
      ],
      [
       85.33592747326402,
       23.358328352641454
      ],
      [
       85.37279989832825,
       23.366166665150004
      ],
      [
       85.40762865814106,
       23.436068163975236
      ]
     ]
    ]
   }
  },
  {
   "type": "Feature",
   "id": "east singhbhum_golmuri_cum_jugsalai",
   "properties": {
    "state": "Jharkhand",
    "district": "East Singhbhum",
    "block": "Golmuri Cum Jugsalai",
    "fullName": "Jharkhand / East Singhbhum / Golmuri Cum Jugsalai Block",
    "population": 390000,
    "area_sqkm": 316.0,
    "centroid": [
     86.22,
     22.8
    ],
    "bbox": [
     86.1298,
     22.7091,
     86.318,
     22.8956
    ]
   },
   "geometry": {
    "type": "Polygon",
    "coordinates": [
     [
      [
       86.31796681725933,
       22.7981397929462
      ],
      [
       86.30291323174174,
       22.845163312293792
      ],
      [
       86.27083079942122,
       22.85738303333624
      ],
      [
       86.24028330930642,
       22.895630278460473
      ],
      [
       86.13415890896714,
       22.848755439080435
      ],
      [
       86.12982719857644,
       22.801659722011024
      ],
      [
       86.13582774555923,
       22.763636751776406
      ],
      [
       86.15330518471362,
       22.726812086482145
      ],
      [
       86.20120259765082,
       22.709075703162956
      ],
      [
       86.23931449286961,
       22.725645988357833
      ],
      [
       86.28525995596105,
       22.72239272750596
      ],
      [
       86.31366891256968,
       22.75807240864059
      ],
      [
       86.31796681725933,
       22.7981397929462
      ]
     ]
    ]
   }
  },
  {
   "type": "Feature",
   "id": "east singhbhum_jamshedpur_notified_area",
   "properties": {
    "state": "Jharkhand",
    "district": "East Singhbhum",
    "block": "Jamshedpur Notified Area",
    "fullName": "Jharkhand / East Singhbhum / Jamshedpur Notified Area Block",
    "population": 620000,
    "area_sqkm": 241.9,
    "centroid": [
     86.15,
     22.74
    ],
    "bbox": [
     86.0685,
     22.671,
     86.2414,
     22.8157
    ]
   },
   "geometry": {
    "type": "Polygon",
    "coordinates": [
     [
      [
       86.241427061034,
       22.743681360026976
      ],
      [
       86.2123694584551,
       22.773203747694815
      ],
      [
       86.20352197517856,
       22.81131944171887
      ],
      [
       86.1287559743907,
       22.8156870122321
      ],
      [
       86.06897344198218,
       22.774320646950194
      ],
      [
       86.06845505440224,
       22.736013816108805
      ],
      [
       86.08301578121102,
       22.708088960591112
      ],
      [
       86.10167438723197,
       22.679638375366913
      ],
      [
       86.13583626120291,
       22.671040264511554
      ],
      [
       86.20345454591754,
       22.67102077133227
      ],
      [
       86.23274327155933,
       22.70114321124373
      ],
      [
       86.241427061034,
       22.743681360026976
      ]
     ]
    ]
   }
  },
  {
   "type": "Feature",
   "id": "east singhbhum_potka",
   "properties": {
    "state": "Jharkhand",
    "district": "East Singhbhum",
    "block": "Potka",
    "fullName": "Jharkhand / East Singhbhum / Potka Block",
    "population": 180000,
    "area_sqkm": 327.9,
    "centroid": [
     86.45,
     22.65
    ],
    "bbox": [
     86.3446,
     22.5527,
     86.549,
     22.7376
    ]
   },
   "geometry": {
    "type": "Polygon",
    "coordinates": [
     [
      [
       86.54899729562072,
       22.644496976058143
      ],
      [
       86.5166553619399,
       22.726211849591078
      ],
      [
       86.43219183902173,
       22.737560494455302
      ],
      [
       86.3619551025664,
       22.69174417558643
      ],
      [
       86.34463537028385,
       22.656378098949805
      ],
      [
       86.36593519777762,
       22.60408959789719
      ],
      [
       86.3981882508297,
       22.581463514738342
      ],
      [
       86.46657494625754,
       22.55270276512734
      ],
      [
       86.51504987556105,
       22.575884006237207
      ],
      [
       86.54899729562072,
       22.644496976058143
      ]
     ]
    ]
   }
  },
  {
   "type": "Feature",
   "id": "east singhbhum_ghatshila",
   "properties": {
    "state": "Jharkhand",
    "district": "East Singhbhum",
    "block": "Ghatshila",
    "fullName": "Jharkhand / East Singhbhum / Ghatshila Block",
    "population": 170000,
    "area_sqkm": 365.7,
    "centroid": [
     86.48,
     22.58
    ],
    "bbox": [
     86.3745,
     22.4858,
     86.575,
     22.6876
    ]
   },
   "geometry": {
    "type": "Polygon",
    "coordinates": [
     [
      [
       86.57504060699878,
       22.53586911800242
      ],
      [
       86.56849143815936,
       22.630342910960845
      ],
      [
       86.49664648191964,
       22.687612086225116
      ],
      [
       86.42165723523874,
       22.656147812527546
      ],
      [
       86.3744708945225,
       22.58040692054195
      ],
      [
       86.38310971959291,
       22.535090081609532
      ],
      [
       86.41206219212677,
       22.50157749250422
      ],
      [
       86.45395937138022,
       22.485820489337407
      ],
      [
       86.54041768424078,
       22.50248710782764
      ],
      [
       86.57504060699878,
       22.53586911800242
      ]
     ]
    ]
   }
  },
  {
   "type": "Feature",
   "id": "east singhbhum_baharagora",
   "properties": {
    "state": "Jharkhand",
    "district": "East Singhbhum",
    "block": "Baharagora",
    "fullName": "Jharkhand / East Singhbhum / Baharagora Block",
    "population": 160000,
    "area_sqkm": 363.6,
    "centroid": [
     86.65,
     22.28
    ],
    "bbox": [
     86.5432,
     22.1705,
     86.7489,
     22.3831
    ]
   },
   "geometry": {
    "type": "Polygon",
    "coordinates": [
     [
      [
       86.74888948447587,
       22.28448311211659
      ],
      [
       86.70445322623489,
       22.3540509607158
      ],
      [
       86.67071377029563,
       22.377813315682197
      ],
      [
       86.6231289417516,
       22.383100294168816
      ],
      [
       86.59095590476925,
       22.36230651766291
      ],
      [
       86.5552495194528,
       22.322191994410797
      ],
      [
       86.54316846047078,
       22.279485957311827
      ],
      [
       86.59303987909355,
       22.208388756638694
      ],
      [
       86.67994444155569,
       22.17046889565231
      ],
      [
       86.71564185044532,
       22.19564148917908
      ],
      [
       86.74888948447587,
       22.28448311211659
      ]
     ]
    ]
   }
  },
  {
   "type": "Feature",
   "id": "visakhapatnam_visakhapatnam_urban",
   "properties": {
    "state": "Andhra Pradesh",
    "district": "Visakhapatnam",
    "block": "Visakhapatnam Urban",
    "fullName": "Andhra Pradesh / Visakhapatnam / Visakhapatnam Urban Block",
    "population": 720000,
    "area_sqkm": 289.8,
    "centroid": [
     83.22,
     17.69
    ],
    "bbox": [
     83.1299,
     17.6063,
     83.3156,
     17.781
    ]
   },
   "geometry": {
    "type": "Polygon",
    "coordinates": [
     [
      [
       83.2940930294885,
       17.648476893670125
      ],
      [
       83.31559695306187,
       17.72946464325223
      ],
      [
       83.2743698056385,
       17.76334178135284
      ],
      [
       83.23775238506019,
       17.780971924155235
      ],
      [
       83.16343851928654,
       17.75236233542713
      ],
      [
       83.1434783340205,
       17.733366471187686
      ],
      [
       83.12986425766236,
       17.685436094788898
      ],
      [
       83.16128532023727,
       17.616728590296308
      ],
      [
       83.24344510298442,
       17.60626093741043
      ],
      [
       83.27079013114137,
       17.622530284854
      ],
      [
       83.2940930294885,
       17.648476893670125
      ]
     ]
    ]
   }
  },
  {
   "type": "Feature",
   "id": "visakhapatnam_anakapalli",
   "properties": {
    "state": "Andhra Pradesh",
    "district": "Visakhapatnam",
    "block": "Anakapalli",
    "fullName": "Andhra Pradesh / Visakhapatnam / Anakapalli Block",
    "population": 310000,
    "area_sqkm": 305.8,
    "centroid": [
     83.0,
     17.59
    ],
    "bbox": [
     82.9065,
     17.5041,
     83.0875,
     17.682
    ]
   },
   "geometry": {
    "type": "Polygon",
    "coordinates": [
     [
      [
       83.06497889243751,
       17.519249835685386
      ],
      [
       83.08747193831474,
       17.636380567306947
      ],
      [
       83.06687327884416,
       17.667982958855646
      ],
      [
       83.02525473508555,
       17.679722777491204
      ],
      [
       82.97820398524637,
       17.681971038658503
      ],
      [
       82.91530569787791,
       17.636057902053828
      ],
      [
       82.90646999803394,
       17.595346803784977
      ],
      [
       82.9185420184519,
       17.553296185460944
      ],
      [
       82.94851996175353,
       17.52194848608935
      ],
      [
       83.01570573670735,
       17.504132036420224
      ],
      [
       83.06497889243751,
       17.519249835685386
      ]
     ]
    ]
   }
  },
  {
   "type": "Feature",
   "id": "visakhapatnam_bheemili",
   "properties": {
    "state": "Andhra Pradesh",
    "district": "Visakhapatnam",
    "block": "Bheemili",
    "fullName": "Andhra Pradesh / Visakhapatnam / Bheemili Block",
    "population": 240000,
    "area_sqkm": 251.7,
    "centroid": [
     83.31,
     17.79
    ],
    "bbox": [
     83.2271,
     17.7073,
     83.3883,
     17.8729
    ]
   },
   "geometry": {
    "type": "Polygon",
    "coordinates": [
     [
      [
       83.38831777154675,
       17.78759188204581
      ],
      [
       83.37859320499804,
       17.822782133719315
      ],
      [
       83.33243436472642,
       17.87044334385768
      ],
      [
       83.29166040669561,
       17.872909111968468
      ],
      [
       83.22705249157394,
       17.829439819898884
      ],
      [
       83.2381097366405,
       17.788181323979973
      ],
      [
       83.22876112366599,
       17.758005714975315
      ],
      [
       83.2501943091414,
       17.720677506355777
      ],
      [
       83.29619718518711,
       17.70726776174162
      ],
      [
       83.3701293316545,
       17.72552095138837
      ],
      [
       83.38831777154675,
       17.78759188204581
      ]
     ]
    ]
   }
  },
  {
   "type": "Feature",
   "id": "visakhapatnam_narsipatnam",
   "properties": {
    "state": "Andhra Pradesh",
    "district": "Visakhapatnam",
    "block": "Narsipatnam",
    "fullName": "Andhra Pradesh / Visakhapatnam / Narsipatnam Block",
    "population": 190000,
    "area_sqkm": 371.1,
    "centroid": [
     82.87,
     17.67
    ],
    "bbox": [
     82.7805,
     17.5805,
     82.9685,
     17.7762
    ]
   },
   "geometry": {
    "type": "Polygon",
    "coordinates": [
     [
      [
       82.96848006637018,
       17.674737700098458
      ],
      [
       82.94515636687579,
       17.75621283349292
      ],
      [
       82.8931577793822,
       17.77622435924384
      ],
      [
       82.8006808270919,
       17.761484910904592
      ],
      [
       82.78500974011999,
       17.71573125442946
      ],
      [
       82.7805068549768,
       17.670104453535398
      ],
      [
       82.80581089826175,
       17.588404082108845
      ],
      [
       82.84620250064239,
       17.580522389724983
      ],
      [
       82.94058229475128,
       17.589553240462777
      ],
      [
       82.96848006637018,
       17.674737700098458
      ]
     ]
    ]
   }
  },
  {
   "type": "Feature",
   "id": "vizianagaram_vizianagaram_sadar",
   "properties": {
    "state": "Andhra Pradesh",
    "district": "Vizianagaram",
    "block": "Vizianagaram Sadar",
    "fullName": "Andhra Pradesh / Vizianagaram / Vizianagaram Sadar Block",
    "population": 320000,
    "area_sqkm": 303.4,
    "centroid": [
     83.41,
     18.11
    ],
    "bbox": [
     83.3341,
     18.0121,
     83.5041,
     18.2003
    ]
   },
   "geometry": {
    "type": "Polygon",
    "coordinates": [
     [
      [
       83.50414720023946,
       18.11416698555943
      ],
      [
       83.49387278905579,
       18.143369395192227
      ],
      [
       83.46554767383866,
       18.180600522222704
      ],
      [
       83.38351385958485,
       18.20033263129863
      ],
      [
       83.34862250650096,
       18.190546265237455
      ],
      [
       83.33721186001452,
       18.152321215786476
      ],
      [
       83.3341003930352,
       18.07676658883217
      ],
      [
       83.35909358440627,
       18.04798008169015
      ],
      [
       83.43009447277778,
       18.012101423254258
      ],
      [
       83.4774565354727,
       18.032110449682353
      ],
      [
       83.50074253991896,
       18.065863264540305
      ],
      [
       83.50414720023946,
       18.11416698555943
      ]
     ]
    ]
   }
  },
  {
   "type": "Feature",
   "id": "vizianagaram_nellimarla",
   "properties": {
    "state": "Andhra Pradesh",
    "district": "Vizianagaram",
    "block": "Nellimarla",
    "fullName": "Andhra Pradesh / Vizianagaram / Nellimarla Block",
    "population": 220000,
    "area_sqkm": 237.0,
    "centroid": [
     83.35,
     18.2
    ],
    "bbox": [
     83.2695,
     18.1135,
     83.4419,
     18.2834
    ]
   },
   "geometry": {
    "type": "Polygon",
    "coordinates": [
     [
      [
       83.44188627190066,
       18.204552693802256
      ],
      [
       83.39951141080374,
       18.261406758207485
      ],
      [
       83.3729987507537,
       18.279667308679706
      ],
      [
       83.32633776827548,
       18.283419444627604
      ],
      [
       83.28427578068492,
       18.228526866895535
      ],
      [
       83.26947627606849,
       18.167647846317255
      ],
      [
       83.28995148955457,
       18.134684320489885
      ],
      [
       83.33255768308715,
       18.11348511466118
      ],
      [
       83.38988175298121,
       18.142711488840273
      ],
      [
       83.44188627190066,
       18.204552693802256
      ]
     ]
    ]
   }
  },
  {
   "type": "Feature",
   "id": "shimla_shimla_urban",
   "properties": {
    "state": "Himachal Pradesh",
    "district": "Shimla",
    "block": "Shimla Urban",
    "fullName": "Himachal Pradesh / Shimla / Shimla Urban Block",
    "population": 240000,
    "area_sqkm": 222.3,
    "centroid": [
     77.17,
     31.1
    ],
    "bbox": [
     77.089,
     31.0178,
     77.2452,
     31.1776
    ]
   },
   "geometry": {
    "type": "Polygon",
    "coordinates": [
     [
      [
       77.24523523799276,
       31.102866866065213
      ],
      [
       77.22272583091055,
       31.16467621974736
      ],
      [
       77.18215742900195,
       31.17763912266143
      ],
      [
       77.11932488445653,
       31.155775525426282
      ],
      [
       77.08903344759455,
       31.09436174918357
      ],
      [
       77.10859562818058,
       31.0699444711371
      ],
      [
       77.10804600349114,
       31.032882762668898
      ],
      [
       77.1485399784616,
       31.01783488643091
      ],
      [
       77.18990399522927,
       31.03302514226308
      ],
      [
       77.22216137834234,
       31.032738646302185
      ],
      [
       77.24523523799276,
       31.102866866065213
      ]
     ]
    ]
   }
  },
  {
   "type": "Feature",
   "id": "shimla_shimla_rural",
   "properties": {
    "state": "Himachal Pradesh",
    "district": "Shimla",
    "block": "Shimla Rural",
    "fullName": "Himachal Pradesh / Shimla / Shimla Rural Block",
    "population": 160000,
    "area_sqkm": 296.2,
    "centroid": [
     77.05,
     31.03
    ],
    "bbox": [
     76.9534,
     30.9326,
     77.145,
     31.1285
    ]
   },
   "geometry": {
    "type": "Polygon",
    "coordinates": [
     [
      [
       77.14499875320897,
       31.03464205408363
      ],
      [
       77.10031140063622,
       31.09094886636385
      ],
      [
       77.07231746508674,
       31.1118502668746
      ],
      [
       77.02600828294746,
       31.128549866258574
      ],
      [
       76.95821006452759,
       31.06720874187486
      ],
      [
       76.95344389127567,
       31.028011587229475
      ],
      [
       77.03004804333382,
       30.932568194501023
      ],
      [
       77.10236240198422,
       30.961615760751116
      ],
      [
       77.1320451619913,
       30.992918924466586
      ],
      [
       77.14499875320897,
       31.03464205408363
      ]
     ]
    ]
   }
  },
  {
   "type": "Feature",
   "id": "shimla_theog",
   "properties": {
    "state": "Himachal Pradesh",
    "district": "Shimla",
    "block": "Theog",
    "fullName": "Himachal Pradesh / Shimla / Theog Block",
    "population": 120000,
    "area_sqkm": 286.8,
    "centroid": [
     77.37,
     31.24
    ],
    "bbox": [
     77.2799,
     31.1435,
     77.4639,
     31.3309
    ]
   },
   "geometry": {
    "type": "Polygon",
    "coordinates": [
     [
      [
       77.46394590449448,
       31.239336910721565
      ],
      [
       77.42522613503668,
       31.30841340128715
      ],
      [
       77.39045101872848,
       31.330886740457736
      ],
      [
       77.29477507686933,
       31.283716513953454
      ],
      [
       77.27989318906964,
       31.204647302982014
      ],
      [
       77.3135698751548,
       31.161592540232387
      ],
      [
       77.34823463072568,
       31.143510084633377
      ],
      [
       77.38808691102456,
       31.164269440995707
      ],
      [
       77.42500430951605,
       31.166925451246005
      ],
      [
       77.46394590449448,
       31.239336910721565
      ]
     ]
    ]
   }
  },
  {
   "type": "Feature",
   "id": "shimla_narkanda",
   "properties": {
    "state": "Himachal Pradesh",
    "district": "Shimla",
    "block": "Narkanda",
    "fullName": "Himachal Pradesh / Shimla / Narkanda Block",
    "population": 90000,
    "area_sqkm": 341.2,
    "centroid": [
     77.45,
     31.27
    ],
    "bbox": [
     77.3546,
     31.1706,
     77.5412,
     31.37
    ]
   },
   "geometry": {
    "type": "Polygon",
    "coordinates": [
     [
      [
       77.5411525305184,
       31.276338147913474
      ],
      [
       77.52798818464858,
       31.304333624931072
      ],
      [
       77.47949964447504,
       31.365310624638706
      ],
      [
       77.43153049794273,
       31.36997969717712
      ],
      [
       77.38656019557759,
       31.349566521321922
      ],
      [
       77.35462304186876,
       31.271557122291245
      ],
      [
       77.3619622301791,
       31.229947985045037
      ],
      [
       77.42634011172035,
       31.17061327849644
      ],
      [
       77.47834697965367,
       31.17569385005552
      ],
      [
       77.51262014827047,
       31.190009103410812
      ],
      [
       77.53672924227321,
       31.234648418785124
      ],
      [
       77.5411525305184,
       31.276338147913474
      ]
     ]
    ]
   }
  },
  {
   "type": "Feature",
   "id": "shimla_rohru",
   "properties": {
    "state": "Himachal Pradesh",
    "district": "Shimla",
    "block": "Rohru",
    "fullName": "Himachal Pradesh / Shimla / Rohru Block",
    "population": 80000,
    "area_sqkm": 364.5,
    "centroid": [
     77.75,
     31.2
    ],
    "bbox": [
     77.6457,
     31.1076,
     77.8438,
     31.3095
    ]
   },
   "geometry": {
    "type": "Polygon",
    "coordinates": [
     [
      [
       77.83394155531019,
       31.15197704768463
      ],
      [
       77.84382377200517,
       31.250129663403648
      ],
      [
       77.77463665035665,
       31.309458043466496
      ],
      [
       77.73074229155985,
       31.309056800834203
      ],
      [
       77.68030610600587,
       31.278120804063057
      ],
      [
       77.64570932025524,
       31.200523461394972
      ],
      [
       77.6900415008677,
       31.13338344586217
      ],
      [
       77.72332654532808,
       31.11434807883878
      ],
      [
       77.77372278254342,
       31.107648043750697
      ],
      [
       77.81000535447924,
       31.123847640417107
      ],
      [
       77.83394155531019,
       31.15197704768463
      ]
     ]
    ]
   }
  },
  {
   "type": "Feature",
   "id": "shimla_chopal",
   "properties": {
    "state": "Himachal Pradesh",
    "district": "Shimla",
    "block": "Chopal",
    "fullName": "Himachal Pradesh / Shimla / Chopal Block",
    "population": 70000,
    "area_sqkm": 365.8,
    "centroid": [
     77.6,
     30.9
    ],
    "bbox": [
     77.4954,
     30.8056,
     77.6884,
     31.0046
    ]
   },
   "geometry": {
    "type": "Polygon",
    "coordinates": [
     [
      [
       77.68843039501894,
       30.906353223831335
      ],
      [
       77.68406311234322,
       30.935613008560935
      ],
      [
       77.66034788327883,
       30.988811681438662
      ],
      [
       77.62929900074674,
       31.00464675819041
      ],
      [
       77.54191793361136,
       30.976593979281112
      ],
      [
       77.50615822025752,
       30.93884454658898
      ],
      [
       77.51470475121238,
       30.895437155801076
      ],
      [
       77.49539083590885,
       30.85484840493454
      ],
      [
       77.52880828152135,
       30.811016231337316
      ],
      [
       77.62563593026138,
       30.805646644120106
      ],
      [
       77.66854736733559,
       30.8198424227208
      ],
      [
       77.68843039501894,
       30.906353223831335
      ]
     ]
    ]
   }
  },
  {
   "type": "Feature",
   "id": "solan_solan_sadar",
   "properties": {
    "state": "Himachal Pradesh",
    "district": "Solan",
    "block": "Solan Sadar",
    "fullName": "Himachal Pradesh / Solan / Solan Sadar Block",
    "population": 190000,
    "area_sqkm": 311.9,
    "centroid": [
     77.1,
     30.9
    ],
    "bbox": [
     77.0122,
     30.8071,
     77.1914,
     30.9982
    ]
   },
   "geometry": {
    "type": "Polygon",
    "coordinates": [
     [
      [
       77.19138712050005,
       30.89541414359823
      ],
      [
       77.16873095817118,
       30.976084482139118
      ],
      [
       77.12037533974255,
       30.995856402110515
      ],
      [
       77.07792440191383,
       30.998244238951024
      ],
      [
       77.04031982920672,
       30.966722584349867
      ],
      [
       77.01891020842453,
       30.933544998151195
      ],
      [
       77.0122081821728,
       30.90245432046278
      ],
      [
       77.01824470407799,
       30.866082574133248
      ],
      [
       77.04545112849368,
       30.840265809675362
      ],
      [
       77.12317482699166,
       30.807076589959873
      ],
      [
       77.1572799362666,
       30.817363827097584
      ],
      [
       77.19138712050005,
       30.89541414359823
      ]
     ]
    ]
   }
  },
  {
   "type": "Feature",
   "id": "solan_arki",
   "properties": {
    "state": "Himachal Pradesh",
    "district": "Solan",
    "block": "Arki",
    "fullName": "Himachal Pradesh / Solan / Arki Block",
    "population": 140000,
    "area_sqkm": 323.5,
    "centroid": [
     76.98,
     31.15
    ],
    "bbox": [
     76.8921,
     31.052,
     77.0788,
     31.2473
    ]
   },
   "geometry": {
    "type": "Polygon",
    "coordinates": [
     [
      [
       77.07880502728456,
       31.149684863303285
      ],
      [
       77.04350613820573,
       31.22369567739467
      ],
      [
       77.00061977441435,
       31.24339110969469
      ],
      [
       76.95266919863573,
       31.24727410742697
      ],
      [
       76.9224017294199,
       31.226926687836052
      ],
      [
       76.89208977587458,
       31.187284965989495
      ],
      [
       76.89989116916502,
       31.10974091364617
      ],
      [
       76.92299181454261,
       31.068342609884688
      ],
      [
       76.96565951727779,
       31.07381788280373
      ],
      [
       77.00305338196279,
       31.0520183559943
      ],
      [
       77.03323844930141,
       31.0771469089819
      ],
      [
       77.07880502728456,
       31.149684863303285
      ]
     ]
    ]
   }
  },
  {
   "type": "Feature",
   "id": "kinnaur_reckong_peo",
   "properties": {
    "state": "Himachal Pradesh",
    "district": "Kinnaur",
    "block": "Reckong Peo",
    "fullName": "Himachal Pradesh / Kinnaur / Reckong Peo Block",
    "population": 22000,
    "area_sqkm": 244.2,
    "centroid": [
     78.27,
     31.53
    ],
    "bbox": [
     78.1882,
     31.4446,
     78.3554,
     31.6124
    ]
   },
   "geometry": {
    "type": "Polygon",
    "coordinates": [
     [
      [
       78.32306644551383,
       31.462302569209225
      ],
      [
       78.35542821909662,
       31.563101427900463
      ],
      [
       78.32125168389861,
       31.59146507737472
      ],
      [
       78.28482667738443,
       31.60716586204496
      ],
      [
       78.24539936725388,
       31.612375260940777
      ],
      [
       78.22257013429491,
       31.599054996139795
      ],
      [
       78.20176669055556,
       31.568924264736996
      ],
      [
       78.18818403801507,
       31.529480036569524
      ],
      [
       78.20822227882338,
       31.496991873955984
      ],
      [
       78.21549530969011,
       31.456954206943195
      ],
      [
       78.2500015340773,
       31.46202007584403
      ],
      [
       78.28598366795532,
       31.444627804461298
      ],
      [
       78.32306644551383,
       31.462302569209225
      ]
     ]
    ]
   }
  },
  {
   "type": "Feature",
   "id": "kinnaur_nichar",
   "properties": {
    "state": "Himachal Pradesh",
    "district": "Kinnaur",
    "block": "Nichar",
    "fullName": "Himachal Pradesh / Kinnaur / Nichar Block",
    "population": 18000,
    "area_sqkm": 310.6,
    "centroid": [
     78.0,
     31.4
    ],
    "bbox": [
     77.9005,
     31.3013,
     78.0879,
     31.4945
    ]
   },
   "geometry": {
    "type": "Polygon",
    "coordinates": [
     [
      [
       78.08788469052482,
       31.399756611125994
      ],
      [
       78.0856327566337,
       31.438705387705824
      ],
      [
       78.02609761772212,
       31.486313408113443
      ],
      [
       77.9719582690932,
       31.4944648286579
      ],
      [
       77.91241694650087,
       31.43645148652166
      ],
      [
       77.90048106646559,
       31.405460765266216
      ],
      [
       77.91027872690078,
       31.36237225727896
      ],
      [
       77.95059559182533,
       31.333388902237886
      ],
      [
       77.97111807521163,
       31.30129224690192
      ],
      [
       78.0550386293171,
       31.328837118915096
      ],
      [
       78.08788469052482,
       31.399756611125994
      ]
     ]
    ]
   }
  },
  {
   "type": "Feature",
   "id": "uttarkashi_uttarkashi_sadar",
   "properties": {
    "state": "Uttarakhand",
    "district": "Uttarkashi",
    "block": "Uttarkashi Sadar",
    "fullName": "Uttarakhand / Uttarkashi / Uttarkashi Sadar Block",
    "population": 95000,
    "area_sqkm": 286.6,
    "centroid": [
     78.44,
     30.73
    ],
    "bbox": [
     78.3437,
     30.6444,
     78.522,
     30.8131
    ]
   },
   "geometry": {
    "type": "Polygon",
    "coordinates": [
     [
      [
       78.52203190109914,
       30.731492890465354
      ],
      [
       78.50803827043116,
       30.80606541494118
      ],
      [
       78.46274016652208,
       30.813096521087484
      ],
      [
       78.37214392210984,
       30.80311123684575
      ],
      [
       78.35151230586817,
       30.767338971759848
      ],
      [
       78.34373466181717,
       30.733245979064375
      ],
      [
       78.35907481655424,
       30.694456351105117
      ],
      [
       78.41367324550372,
       30.644351510442867
      ],
      [
       78.45934253775881,
       30.65530308766517
      ],
      [
       78.51471133755514,
       30.68775481009262
      ],
      [
       78.52203190109914,
       30.731492890465354
      ]
     ]
    ]
   }
  },
  {
   "type": "Feature",
   "id": "uttarkashi_bhatwari",
   "properties": {
    "state": "Uttarakhand",
    "district": "Uttarkashi",
    "block": "Bhatwari",
    "fullName": "Uttarakhand / Uttarkashi / Bhatwari Block",
    "population": 70000,
    "area_sqkm": 298.3,
    "centroid": [
     78.6,
     30.8
    ],
    "bbox": [
     78.5156,
     30.7054,
     78.7022,
     30.897
    ]
   },
   "geometry": {
    "type": "Polygon",
    "coordinates": [
     [
      [
       78.70224711389126,
       30.8003775037937
      ],
      [
       78.6703595730432,
       30.83404398133908
      ],
      [
       78.65648130878915,
       30.862043628598176
      ],
      [
       78.61464179354851,
       30.89196984395358
      ],
      [
       78.58092050647802,
       30.89703635832081
      ],
      [
       78.52295313532835,
       30.833098044133898
      ],
      [
       78.51564686001956,
       30.79847291551318
      ],
      [
       78.52021264119698,
       30.76599388031332
      ],
      [
       78.54351165602668,
       30.71845529169377
      ],
      [
       78.61543441933081,
       30.70535674886409
      ],
      [
       78.65619356405954,
       30.725539670867523
      ],
      [
       78.668604569257,
       30.76112637039716
      ],
      [
       78.70224711389126,
       30.8003775037937
      ]
     ]
    ]
   }
  },
  {
   "type": "Feature",
   "id": "uttarkashi_dunda",
   "properties": {
    "state": "Uttarakhand",
    "district": "Uttarkashi",
    "block": "Dunda",
    "fullName": "Uttarakhand / Uttarkashi / Dunda Block",
    "population": 60000,
    "area_sqkm": 253.3,
    "centroid": [
     78.25,
     30.8
    ],
    "bbox": [
     78.1673,
     30.7116,
     78.3392,
     30.8823
    ]
   },
   "geometry": {
    "type": "Polygon",
    "coordinates": [
     [
      [
       78.33921953302543,
       30.798799892009086
      ],
      [
       78.33032008031373,
       30.841310761679836
      ],
      [
       78.26943625227959,
       30.882261178510777
      ],
      [
       78.20456300417642,
       30.864725139057544
      ],
      [
       78.17828765905905,
       30.83883268019226
      ],
      [
       78.16733332261475,
       30.762597815306602
      ],
      [
       78.20398422511423,
       30.744636520355616
      ],
      [
       78.23180456209874,
       30.717524070686853
      ],
      [
       78.27312505039434,
       30.711647849013048
      ],
      [
       78.29367430488111,
       30.742449028187274
      ],
      [
       78.32775199532627,
       30.767850019606925
      ],
      [
       78.33921953302543,
       30.798799892009086
      ]
     ]
    ]
   }
  }
 ]
}